le_mass,rt_aligned,dt,completeness,homogeneity
0.00029999999992469384,0.01452676555504553,0.030000000000001137,0.8595070621035186,1.0000000000000002
0.00029999999992469384,0.01452676555504553,0.07300000000000324,0.8595796044822801,0.9999999999999997
0.00029999999992469384,0.01452676555504553,0.10699999999999932,0.8596639675237991,0.9999979744940226
0.00029999999992469384,0.01452676555504553,0.14100000000000534,0.8597293319425742,0.9999969617410335
0.00029999999992469384,0.01452676555504553,0.17899999999999494,0.8598097645543828,0.9999969617410337
0.00029999999992469384,0.01452676555504553,0.2260000000000062,0.8598757968929543,0.9999969617410334
0.00029999999992469384,0.01452676555504553,0.29300000000000637,0.8599554473102831,0.9999959489880449
0.00029999999992469384,0.01452676555504553,0.40099999999999625,0.8600382001902308,0.9999959489880448
0.00029999999992469384,0.01452676555504553,0.761999999999994,0.8601017427700175,0.9999959489880449
0.00029999999992469384,0.01452676555504553,128.57800000000003,0.8601280895491313,0.999994936235056
0.00029999999992469384,0.0348698673208375,0.030000000000001137,0.8595855909238738,0.9999999999999998
0.00029999999992469384,0.0348698673208375,0.07300000000000324,0.859927944203521,0.9999989872470112
0.00029999999992469384,0.0348698673208375,0.10699999999999932,0.860278488251984,0.9999947560183216
0.00029999999992469384,0.0348698673208375,0.14100000000000534,0.8606264345743694,0.9999910798138019
0.00029999999992469384,0.0348698673208375,0.17899999999999494,0.8609588042982449,0.9999880415548353
0.00029999999992469384,0.0348698673208375,0.2260000000000062,0.8612885522002403,0.999985003295869
0.00029999999992469384,0.0348698673208375,0.29300000000000637,0.861648880759201,0.9999784323365277
0.00029999999992469384,0.0348698673208375,0.40099999999999625,0.8619761999132188,0.9999779746077088
0.00029999999992469384,0.0348698673208375,0.761999999999994,0.8622990664598209,0.9999747194194188
0.00029999999992469384,0.0348698673208375,128.57800000000003,0.8623884029006142,0.9999658965285708
0.00029999999992469384,0.047944545798178244,0.030000000000001137,0.8596347959638658,0.9999999999999998
0.00029999999992469384,0.047944545798178244,0.07300000000000324,0.8602005436386219,0.9999969617410334
0.00029999999992469384,0.047944545798178244,0.10699999999999932,0.8607955807787167,0.999986473777677
0.00029999999992469384,0.047944545798178244,0.14100000000000534,0.8613469032840627,0.9999797593141904
0.00029999999992469384,0.047944545798178244,0.17899999999999494,0.8619343146376774,0.9999720320977152
0.00029999999992469384,0.047944545798178244,0.2260000000000062,0.8624590453344209,0.9999650401221447
0.00029999999992469384,0.047944545798178244,0.29300000000000637,0.8630277933911785,0.9999598413405246
0.00029999999992469384,0.047944545798178244,0.40099999999999625,0.8635688655617582,0.9999546946541963
0.00029999999992469384,0.047944545798178244,0.761999999999994,0.8640999084826562,0.9999518971947257
0.00029999999992469384,0.047944545798178244,128.57800000000003,0.8642438552314777,0.9999402768444067
0.00029999999992469384,0.060791995659906214,0.030000000000001137,0.8597111366881581,0.9999999999999998
0.00029999999992469384,0.060791995659906214,0.07300000000000324,0.8604948412479125,0.9999939234820675
0.00029999999992469384,0.060791995659906214,0.10699999999999932,0.861314561942761,0.999981410012733
0.00029999999992469384,0.060791995659906214,0.14100000000000534,0.8620548983087534,0.9999733223627891
0.00029999999992469384,0.060791995659906214,0.17899999999999494,0.8627888671594913,0.9999651374174945
0.00029999999992469384,0.060791995659906214,0.2260000000000062,0.8634908758872587,0.9999556254945379
0.00029999999992469384,0.060791995659906214,0.29300000000000637,0.8642703278066909,0.9999479434781209
0.00029999999992469384,0.060791995659906214,0.40099999999999625,0.8649920376978698,0.9999365033445364
0.00029999999992469384,0.060791995659906214,0.761999999999994,0.8657303712364751,0.9999343949171745
0.00029999999992469384,0.060791995659906214,128.57800000000003,0.8659289556200896,0.9999205416277602
0.00029999999992469384,0.07452299652251426,0.030000000000001137,0.8597676955459443,0.9999989872470111
0.00029999999992469384,0.07452299652251426,0.07300000000000324,0.8607752523957143,0.9999918979760898
0.00029999999992469384,0.07452299652251426,0.10699999999999932,0.8617863529347632,0.9999754307901512
0.00029999999992469384,0.07452299652251426,0.14100000000000534,0.8627140393127292,0.9999646796886754
0.00029999999992469384,0.07452299652251426,0.17899999999999494,0.8635928196765016,0.9999550242615732
0.00029999999992469384,0.07452299652251426,0.2260000000000062,0.8644873528928122,0.9999442220735426
0.00029999999992469384,0.07452299652251426,0.29300000000000637,0.8654423006307895,0.999932632549316
0.00029999999992469384,0.07452299652251426,0.40099999999999625,0.8663961327389189,0.9999214699278167
0.00029999999992469384,0.07452299652251426,0.761999999999994,0.8673498401180678,0.9999177937232961
0.00029999999992469384,0.07452299652251426,128.57800000000003,0.8675988301209869,0.9999026868813977
0.00029999999992469384,0.09074369104196478,0.030000000000001137,0.8598364663122312,0.9999989872470109
0.00029999999992469384,0.09074369104196478,0.07300000000000324,0.8610758498503535,0.9999908852231011
0.00029999999992469384,0.09074369104196478,0.10699999999999932,0.8622804399391785,0.9999734052841734
0.00029999999992469384,0.09074369104196478,0.14100000000000534,0.863425166926643,0.9999626541826977
0.00029999999992469384,0.09074369104196478,0.17899999999999494,0.8644892777632053,0.9999484900148214
0.00029999999992469384,0.09074369104196478,0.2260000000000062,0.8656041910023474,0.9999354821040788
0.00029999999992469384,0.09074369104196478,0.29300000000000637,0.8667569819369441,0.9999211780417653
0.00029999999992469384,0.09074369104196478,0.40099999999999625,0.8679405624160159,0.9999110281732546
0.00029999999992469384,0.09074369104196478,0.761999999999994,0.8690796640958492,0.9999063392157457
0.00029999999992469384,0.09074369104196478,128.57800000000003,0.8694104844505249,0.9998886603311689
0.00029999999992469384,0.11151288697088971,0.030000000000001137,0.8599129740522281,0.9999969617410335
0.00029999999992469384,0.11151288697088971,0.07300000000000324,0.8613856475284104,0.9999831580066257
0.00029999999992469384,0.11151288697088971,0.10699999999999932,0.8628256615038086,0.9999578168432838
0.00029999999992469384,0.11151288697088971,0.14100000000000534,0.8641356767349858,0.9999467977259292
0.00029999999992469384,0.11151288697088971,0.17899999999999494,0.8653832542117468,0.999929415082352
0.00029999999992469384,0.11151288697088971,0.2260000000000062,0.8666992797160898,0.9999118427258341
0.00029999999992469384,0.11151288697088971,0.29300000000000637,0.868142592021909,0.9998953329408089
0.00029999999992469384,0.11151288697088971,0.40099999999999625,0.869582516476103,0.9998851830722982
0.00029999999992469384,0.11151288697088971,0.761999999999994,0.8709315834123289,0.9998797067785933
0.00029999999992469384,0.11151288697088971,128.57800000000003,0.8713448028826932,0.999852732900383
0.00029999999992469384,0.14340710999969702,0.030000000000001137,0.8599890424191066,0.9999969617410337
0.00029999999992469384,0.14340710999969702,0.07300000000000324,0.8617401878330789,0.999981831028963
0.00029999999992469384,0.14340710999969702,0.10699999999999932,0.8634057755329818,0.9999520784201968
0.00029999999992469384,0.14340710999969702,0.14100000000000534,0.864984806661928,0.9999395888210346
0.00029999999992469384,0.14340710999969702,0.17899999999999494,0.8664337953043569,0.9999222667602178
0.00029999999992469384,0.14340710999969702,0.2260000000000062,0.8679681853191266,0.9998998570642862
0.00029999999992469384,0.14340710999969702,0.29300000000000637,0.8696333264802927,0.9998833934880557
0.00029999999992469384,0.14340710999969702,0.40099999999999625,0.8712522109102656,0.9998705434554244
0.00029999999992469384,0.14340710999969702,0.761999999999994,0.8728619779295697,0.999861992190164
0.00029999999992469384,0.14340710999969702,128.57800000000003,0.8733647935159901,0.9998291055586297
0.00029999999992469384,0.21095691790705187,0.030000000000001137,0.860096629037375,0.999994936235056
0.00029999999992469384,0.21095691790705187,0.07300000000000324,0.862153889453651,0.9999777800170083
0.00029999999992469384,0.21095691790705187,0.10699999999999932,0.8640741370674835,0.9999470146552529
0.00029999999992469384,0.21095691790705187,0.14100000000000534,0.8659071971677681,0.9999310290683052
0.00029999999992469384,0.21095691790705187,0.17899999999999494,0.8675899270972207,0.9999070387527973
0.00029999999992469384,0.21095691790705187,0.2260000000000062,0.869335508152131,0.999885244663796
0.00029999999992469384,0.21095691790705187,0.29300000000000637,0.8712499592140108,0.9998652483871909
0.00029999999992469384,0.21095691790705187,0.40099999999999625,0.873148155511282,0.9998436062898034
0.00029999999992469384,0.21095691790705187,0.761999999999994,0.8750310866314368,0.999834371878931
0.00029999999992469384,0.21095691790705187,128.57800000000003,0.8756335279911616,0.9997831137210023
0.00029999999992469384,1.1766690149763122,0.030000000000001137,0.8601652025635066,0.999994936235056
0.00029999999992469384,1.1766690149763122,0.07300000000000324,0.8624134297620584,0.9999693175596291
0.00029999999992469384,1.1766690149763122,0.10699999999999932,0.864483505479001,0.9999260115121564
0.00029999999992469384,1.1766690149763122,0.14100000000000534,0.8664625043853954,0.9998993056498249
0.00029999999992469384,1.1766690149763122,0.17899999999999494,0.8682513526592048,0.9998563245912838
0.00029999999992469384,1.1766690149763122,0.2260000000000062,0.8701461985028884,0.9998135571765412
0.00029999999992469384,1.1766690149763122,0.29300000000000637,0.8722130337764933,0.9997787836654138
0.00029999999992469384,1.1766690149763122,0.40099999999999625,0.8742734927720471,0.9997307137194511
0.00029999999992469384,1.1766690149763122,0.761999999999994,0.8764021986277257,0.9996679823039163
0.00029999999992469384,1.1766690149763122,128.57800000000003,0.8771955588267724,0.999363622722219
0.0006999999999379725,0.01452676555504553,0.030000000000001137,0.8595833407123185,0.9999979744940223
0.0006999999999379725,0.01452676555504553,0.07300000000000324,0.8599073277757248,0.9999944785062369
0.0006999999999379725,0.01452676555504553,0.10699999999999932,0.8602154630186687,0.9999934657532483
0.0006999999999379725,0.01452676555504553,0.14100000000000534,0.8605510132409195,0.9999884992836544
0.0006999999999379725,0.01452676555504553,0.17899999999999494,0.8608555060931914,0.999986473777677
0.0006999999999379725,0.01452676555504553,0.2260000000000062,0.8611391054261984,0.9999832553019761
0.0006999999999379725,0.01452676555504553,0.29300000000000637,0.8614507411685979,0.9999792042900212
0.0006999999999379725,0.01452676555504553,0.40099999999999625,0.8617855621462965,0.9999766381338399
0.0006999999999379725,0.01452676555504553,0.761999999999994,0.8620854043368441,0.9999709826321376
0.0006999999999379725,0.01452676555504553,128.57800000000003,0.8621856127047436,0.9999635329277473
0.0006999999999379725,0.0348698673208375,0.030000000000001137,0.8599614612377966,0.999996781524299
0.0006999999999379725,0.0348698673208375,0.07300000000000324,0.861474599091179,0.9999874498180764
0.0006999999999379725,0.0348698673208375,0.10699999999999932,0.8627897996230621,0.9999708391279926
0.0006999999999379725,0.0348698673208375,0.14100000000000534,0.8640992650329881,0.9999507504337972
0.0006999999999379725,0.0348698673208375,0.17899999999999494,0.8653836851988296,0.9999331508608961
0.0006999999999379725,0.0348698673208375,0.2260000000000062,0.866530960739677,0.9999181531480285
0.0006999999999379725,0.0348698673208375,0.29300000000000637,0.8677932331571298,0.9999068326484175
0.0006999999999379725,0.0348698673208375,0.40099999999999625,0.868993223957517,0.9998990378932611
0.0006999999999379725,0.0348698673208375,0.761999999999994,0.8701954046593559,0.9998870617279184
0.0006999999999379725,0.0348698673208375,128.57800000000003,0.8705392951894365,0.9998605147524356
0.0006999999999379725,0.047944545798178244,0.030000000000001137,0.860239912719405,0.9999947560183219
0.0006999999999379725,0.047944545798178244,0.07300000000000324,0.8626364264567975,0.9999751771482379
0.0006999999999379725,0.047944545798178244,0.10699999999999932,0.8646998860594217,0.9999462937883151
0.0006999999999379725,0.047944545798178244,0.14100000000000534,0.8666352441467843,0.9999235655127604
0.0006999999999379725,0.047944545798178244,0.17899999999999494,0.8685747163281732,0.9998958741138242
0.0006999999999379725,0.047944545798178244,0.2260000000000062,0.8703580106278471,0.9998796477273808
0.0006999999999379725,0.047944545798178244,0.29300000000000637,0.8722400768092881,0.9998643735111651
0.0006999999999379725,0.047944545798178244,0.40099999999999625,0.8740324383263381,0.9998492299566774
0.0006999999999379725,0.047944545798178244,0.761999999999994,0.8758410357920179,0.9998337329246405
0.0006999999999379725,0.047944545798178244,128.57800000000003,0.876368674575655,0.9997955347727466
0.0006999999999379725,0.060791995659906214,0.030000000000001137,0.8605256295769214,0.9999896922533775
0.0006999999999379725,0.060791995659906214,0.07300000000000324,0.8637755572509809,0.9999565743185534
0.0006999999999379725,0.060791995659906214,0.10699999999999932,0.8664807880918659,0.999926793484667
0.0006999999999379725,0.060791995659906214,0.14100000000000534,0.8689869708577977,0.999900831350709
0.0006999999999379725,0.060791995659906214,0.17899999999999494,0.8714760883437573,0.9998741904260874
0.0006999999999379725,0.060791995659906214,0.2260000000000062,0.8738353126777685,0.9998539368978605
0.0006999999999379725,0.060791995659906214,0.29300000000000637,0.8763229518069358,0.9998330343963261
0.0006999999999379725,0.060791995659906214,0.40099999999999625,0.8787493753466938,0.9998064933073398
0.0006999999999379725,0.060791995659906214,0.761999999999994,0.8810678316343459,0.9997912370747987
0.0006999999999379725,0.060791995659906214,128.57800000000003,0.881781545255588,0.9997424834815535
0.0006999999999379725,0.07452299652251426,0.030000000000001137,0.8607901836098723,0.9999824833484828
0.0006999999999379725,0.07452299652251426,0.07300000000000324,0.8648746964219298,0.9999444962394157
0.0006999999999379725,0.07452299652251426,0.10699999999999932,0.8681622362038042,0.9999041763556168
0.0006999999999379725,0.07452299652251426,0.14100000000000534,0.8711782366355755,0.999863540229671
0.0006999999999379725,0.07452299652251426,0.17899999999999494,0.874175529250689,0.9998371624431682
0.0006999999999379725,0.07452299652251426,0.2260000000000062,0.8770960152784479,0.9998128782241358
0.0006999999999379725,0.07452299652251426,0.29300000000000637,0.880216017922504,0.9997876179647043
0.0006999999999379725,0.07452299652251426,0.40099999999999625,0.8831811464105245,0.9997584527377479
0.0006999999999379725,0.07452299652251426,0.761999999999994,0.8860424011763344,0.9997394656044233
0.0006999999999379725,0.07452299652251426,128.57800000000003,0.8869272614350276,0.999681947162805
0.0006999999999379725,0.09074369104196478,0.030000000000001137,0.8610986127901721,0.9999804578425053
0.0006999999999379725,0.09074369104196478,0.07300000000000324,0.8659330000771792,0.9999360065656527
0.0006999999999379725,0.09074369104196478,0.10699999999999932,0.8698205452522266,0.9998900668840043
0.0006999999999379725,0.09074369104196478,0.14100000000000534,0.8734573660548881,0.9998483062750666
0.0006999999999379725,0.09074369104196478,0.17899999999999494,0.8769863554491677,0.9998133181720907
0.0006999999999379725,0.09074369104196478,0.2260000000000062,0.8804460951505931,0.999780272714395
0.0006999999999379725,0.09074369104196478,0.29300000000000637,0.8840624986175686,0.9997519221007048
0.0006999999999379725,0.09074369104196478,0.40099999999999625,0.8875720572821684,0.9997270853977884
0.0006999999999379725,0.09074369104196478,0.761999999999994,0.8909006510377893,0.9997049984139996
0.0006999999999379725,0.09074369104196478,128.57800000000003,0.8919695143221026,0.9996382550577149
0.0006999999999379725,0.11151288697088971,0.030000000000001137,0.8614188127957599,0.9999783956239385
0.0006999999999379725,0.11151288697088971,0.07300000000000324,0.8670572877200031,0.99992533503935
0.0006999999999379725,0.11151288697088971,0.10699999999999932,0.8716555928151938,0.9998735203863897
0.0006999999999379725,0.11151288697088971,0.14100000000000534,0.8758690897921938,0.9998317256051478
0.0006999999999379725,0.11151288697088971,0.17899999999999494,0.879888858780396,0.9997944558139964
0.0006999999999379725,0.11151288697088971,0.2260000000000062,0.8838999429977454,0.9997481655757724
0.0006999999999379725,0.11151288697088971,0.29300000000000637,0.8881289762314366,0.9997198040764518
0.0006999999999379725,0.11151288697088971,0.40099999999999625,0.8921453123662477,0.999693847828991
0.0006999999999379725,0.11151288697088971,0.761999999999994,0.8959123375535668,0.9996651303118366
0.0006999999999379725,0.11151288697088971,128.57800000000003,0.8971701785364257,0.999585403410842
0.0006999999999379725,0.14340710999969702,0.030000000000001137,0.861783548454172,0.9999753573649721
0.0006999999999379725,0.14340710999969702,0.07300000000000324,0.8682942602093624,0.9999133527240137
0.0006999999999379725,0.14340710999969702,0.10699999999999932,0.8735627472413354,0.9998499452006147
0.0006999999999379725,0.14340710999969702,0.14100000000000534,0.878307408998189,0.9998031053833439
0.0006999999999379725,0.14340710999969702,0.17899999999999494,0.8828792513978508,0.9997645845799933
0.0006999999999379725,0.14340710999969702,0.2260000000000062,0.8873845941658891,0.9997148743194476
0.0006999999999379725,0.14340710999969702,0.29300000000000637,0.8921523380422819,0.9996824120503549
0.0006999999999379725,0.14340710999969702,0.40099999999999625,0.8967371240795249,0.9996537507610131
0.0006999999999379725,0.14340710999969702,0.761999999999994,0.9009914466032012,0.9996169849074759
0.0006999999999379725,0.14340710999969702,128.57800000000003,0.9024953701880678,0.9995219656237081
0.0006999999999379725,0.21095691790705187,0.030000000000001137,0.8621727367072861,0.9999701133832941
0.0006999999999379725,0.21095691790705187,0.07300000000000324,0.8696035522543626,0.9998976377539164
0.0006999999999379725,0.21095691790705187,0.10699999999999932,0.8755659702555844,0.999823005434022
0.0006999999999379725,0.21095691790705187,0.14100000000000534,0.88094020815106,0.999773548374015
0.0006999999999379725,0.21095691790705187,0.17899999999999494,0.8860696323352071,0.9997278603168057
0.0006999999999379725,0.21095691790705187,0.2260000000000062,0.8911484127607561,0.9996717199394057
0.0006999999999379725,0.21095691790705187,0.29300000000000637,0.8964391953809882,0.9996323928074478
0.0006999999999379725,0.21095691790705187,0.40099999999999625,0.9015430129132618,0.9995916605976983
0.0006999999999379725,0.21095691790705187,0.761999999999994,0.9064134809616569,0.9995546082586824
0.0006999999999379725,0.21095691790705187,128.57800000000003,0.9081672898459767,0.9994229767704306
0.0006999999999379725,1.1766690149763122,0.030000000000001137,0.8624634503104427,0.9999539699182352
0.0006999999999379725,1.1766690149763122,0.07300000000000324,0.8705267527406068,0.9998416251779577
0.0006999999999379725,1.1766690149763122,0.10699999999999932,0.8769278509762402,0.9997427702305289
0.0006999999999379725,1.1766690149763122,0.14100000000000534,0.8827186135667119,0.9996617777463691
0.0006999999999379725,1.1766690149763122,0.17899999999999494,0.8882177807933848,0.9995843622960289
0.0006999999999379725,1.1766690149763122,0.2260000000000062,0.8936795240755859,0.9994885501822842
0.0006999999999379725,1.1766690149763122,0.29300000000000637,0.8993889105242435,0.9994039762021003
0.0006999999999379725,1.1766690149763122,0.40099999999999625,0.9048322198215858,0.9993039061437401
0.0006999999999379725,1.1766690149763122,0.761999999999994,0.9101710491222713,0.9991252359216908
0.0006999999999379725,1.1766690149763122,128.57800000000003,0.9123867428976943,0.9984245801230378
0.000900000000115142,0.01452676555504553,0.030000000000001137,0.8596391199138759,0.9999975167652032
0.000900000000115142,0.01452676555504553,0.07300000000000324,0.8601521440464606,0.9999940207774177
0.000900000000115142,0.01452676555504553,0.10699999999999932,0.8606663889392973,0.999987944259485
0.000900000000115142,0.01452676555504553,0.14100000000000534,0.8611564204485868,0.9999845088544606
0.000900000000115142,0.01452676555504553,0.17899999999999494,0.8616030530245904,0.9999792648727821
0.000900000000115142,0.01452676555504553,0.2260000000000062,0.8620703978199321,0.9999758661803468
0.000900000000115142,0.01452676555504553,0.29300000000000637,0.8625509679579298,0.9999708024154031
0.000900000000115142,0.01452676555504553,0.40099999999999625,0.8630807789612475,0.9999672697150284
0.000900000000115142,0.01452676555504553,0.761999999999994,0.863572296736889,0.9999617482212655
0.000900000000115142,0.01452676555504553,128.57800000000003,0.8637260090792246,0.9999461359102035
0.000900000000115142,0.0348698673208375,0.030000000000001137,0.860240199034723,0.9999963237954799
0.000900000000115142,0.0348698673208375,0.07300000000000324,0.862564222202427,0.9999831818767975
0.000900000000115142,0.0348698673208375,0.10699999999999932,0.8646081265630401,0.9999489811100181
0.000900000000115142,0.0348698673208375,0.14100000000000534,0.8665295133045403,0.9999339194681778
0.000900000000115142,0.0348698673208375,0.17899999999999494,0.8683164808475436,0.9999143277556763
0.000900000000115142,0.0348698673208375,0.2260000000000062,0.8700763240101885,0.9998959562292821
0.000900000000115142,0.0348698673208375,0.29300000000000637,0.8719811537570197,0.9998789707317627
0.000900000000115142,0.0348698673208375,0.40099999999999625,0.8737524883575072,0.9998689951934895
0.000900000000115142,0.0348698673208375,0.761999999999994,0.8755185094927798,0.9998545262971446
0.000900000000115142,0.0348698673208375,128.57800000000003,0.8760228685267502,0.9998136998747599
0.000900000000115142,0.047944545798178244,0.030000000000001137,0.8607022607231172,0.9999902472775474
0.000900000000115142,0.047944545798178244,0.07300000000000324,0.8643255419257481,0.9999622973589374
0.000900000000115142,0.047944545798178244,0.10699999999999932,0.8674017684836566,0.9999126745168486
0.000900000000115142,0.047944545798178244,0.14100000000000534,0.8702237813897208,0.9998964825055194
0.000900000000115142,0.047944545798178244,0.17899999999999494,0.8729471525153432,0.9998634880736923
0.000900000000115142,0.047944545798178244,0.2260000000000062,0.8755790589202043,0.9998438119082581
0.000900000000115142,0.047944545798178244,0.29300000000000637,0.8782847656838578,0.999824120299435
0.000900000000115142,0.047944545798178244,0.40099999999999625,0.8808181294093311,0.9998022979853132
0.000900000000115142,0.047944545798178244,0.761999999999994,0.8833814876271493,0.9997818285971861
0.000900000000115142,0.047944545798178244,128.57800000000003,0.8841380899792584,0.9997244133374155
0.000900000000115142,0.060791995659906214,0.030000000000001137,0.8611498189893703,0.9999837130307954
0.000900000000115142,0.060791995659906214,0.07300000000000324,0.8659862458950539,0.9999420258470363
0.000900000000115142,0.060791995659906214,0.10699999999999932,0.8700249876307107,0.9998883067929341
0.000900000000115142,0.060791995659906214,0.14100000000000534,0.8735941909987389,0.9998673907037415
0.000900000000115142,0.060791995659906214,0.17899999999999494,0.8770666808061989,0.9998320234383825
0.000900000000115142,0.060791995659906214,0.2260000000000062,0.8805091279760244,0.9998033963213444
0.000900000000115142,0.060791995659906214,0.29300000000000637,0.883986470468937,0.9997717377798876
0.000900000000115142,0.060791995659906214,0.40099999999999625,0.8872506254907009,0.9997476422043726
0.000900000000115142,0.060791995659906214,0.761999999999994,0.8904856168004545,0.9997250250753222
0.000900000000115142,0.060791995659906214,128.57800000000003,0.8915081137730229,0.9996571280021891
0.000900000000115142,0.07452299652251426,0.030000000000001137,0.8615868989826954,0.9999761899012267
0.000900000000115142,0.07452299652251426,0.07300000000000324,0.8676306814550564,0.9999302347761886
0.000900000000115142,0.07452299652251426,0.10699999999999932,0.8724334023719778,0.9998633558804162
0.000900000000115142,0.07452299652251426,0.14100000000000534,0.8767244173880209,0.9998288211513111
0.000900000000115142,0.07452299652251426,0.17899999999999494,0.880878018903599,0.9997943113618009
0.000900000000115142,0.07452299652251426,0.2260000000000062,0.8850180163506738,0.9997600882563982
0.000900000000115142,0.07452299652251426,0.29300000000000637,0.8892457221111383,0.9997247407286901
0.000900000000115142,0.07452299652251426,0.40099999999999625,0.8932362450994165,0.9996943943050048
0.000900000000115142,0.07452299652251426,0.761999999999994,0.8970500331175913,0.9996642019510942
0.000900000000115142,0.07452299652251426,128.57800000000003,0.8982940000444408,0.9995887180729242
0.000900000000115142,0.09074369104196478,0.030000000000001137,0.8620486126274761,0.9999738039617803
0.000900000000115142,0.09074369104196478,0.07300000000000324,0.8691454083603638,0.9999148956222634
0.000900000000115142,0.09074369104196478,0.10699999999999932,0.8748271152816639,0.9998455786917522
0.000900000000115142,0.09074369104196478,0.14100000000000534,0.8799363207607708,0.9998056089392904
0.000900000000115142,0.09074369104196478,0.17899999999999494,0.8848018760321112,0.9997610429669112
0.000900000000115142,0.09074369104196478,0.2260000000000062,0.8896206602504559,0.9997180385610098
0.000900000000115142,0.09074369104196478,0.29300000000000637,0.8944124251935486,0.9996814315943207
0.000900000000115142,0.09074369104196478,0.40099999999999625,0.8989853984564036,0.9996532541807583
0.000900000000115142,0.09074369104196478,0.761999999999994,0.9033827744026147,0.9996199242550573
0.000900000000115142,0.09074369104196478,128.57800000000003,0.9048425190027087,0.9995343260788043
0.000900000000115142,0.11151288697088971,0.030000000000001137,0.8625483487996182,0.9999666779782697
0.000900000000115142,0.11151288697088971,0.07300000000000324,0.8707722246258269,0.9998968111041594
0.000900000000115142,0.11151288697088971,0.10699999999999932,0.8773894328414783,0.9998225464329694
0.000900000000115142,0.11151288697088971,0.14100000000000534,0.8832595027981445,0.9997777334545959
0.000900000000115142,0.11151288697088971,0.17899999999999494,0.8887854487630535,0.9997240601233635
0.000900000000115142,0.11151288697088971,0.2260000000000062,0.8942523135369055,0.9996664089418579
0.000900000000115142,0.11151288697088971,0.29300000000000637,0.899698158727501,0.9996309938754684
0.000900000000115142,0.11151288697088971,0.40099999999999625,0.9048006621589646,0.9996044826038378
0.000900000000115142,0.11151288697088971,0.761999999999994,0.9097313658577098,0.9995657662010499
0.000900000000115142,0.11151288697088971,128.57800000000003,0.9114845097119658,0.9994549100620819
0.000900000000115142,0.14340710999969702,0.030000000000001137,0.8630928933597349,0.9999626269663143
0.000900000000115142,0.14340710999969702,0.07300000000000324,0.8725882041044447,0.9998836538027744
0.000900000000115142,0.14340710999969702,0.10699999999999932,0.8800205514076277,0.9997963678556124
0.000900000000115142,0.14340710999969702,0.14100000000000534,0.8865512811456818,0.9997435809140848
0.000900000000115142,0.14340710999969702,0.17899999999999494,0.8928012225641474,0.9996870724020558
0.000900000000115142,0.14340710999969702,0.2260000000000062,0.8988814755651378,0.9996259670866109
0.000900000000115142,0.14340710999969702,0.29300000000000637,0.9049561583586937,0.9995863813742928
0.000900000000115142,0.14340710999969702,0.40099999999999625,0.9106592867683093,0.9995541435739426
0.000900000000115142,0.14340710999969702,0.761999999999994,0.9160665758479746,0.9995061688294243
0.000900000000115142,0.14340710999969702,128.57800000000003,0.9181440231892478,0.9993740585671047
0.000900000000115142,0.21095691790705187,0.030000000000001137,0.8636996844633181,0.9999528742438619
0.000900000000115142,0.21095691790705187,0.07300000000000324,0.8744329890947169,0.9998538087764182
0.000900000000115142,0.21095691790705187,0.10699999999999932,0.882715340415632,0.9997558572501367
0.000900000000115142,0.21095691790705187,0.14100000000000534,0.8900981876464696,0.9996995981909956
0.000900000000115142,0.21095691790705187,0.17899999999999494,0.8969522075176973,0.9996344929501507
0.000900000000115142,0.21095691790705187,0.2260000000000062,0.9035853271892353,0.9995633052441901
0.000900000000115142,0.21095691790705187,0.29300000000000637,0.9102222864389585,0.9995190344829326
0.000900000000115142,0.21095691790705187,0.40099999999999625,0.9165473871902847,0.9994731127242721
0.000900000000115142,0.21095691790705187,0.761999999999994,0.922550593030411,0.9994265083428111
0.000900000000115142,0.21095691790705187,128.57800000000003,0.9249614866068481,0.9992392297269485
0.000900000000115142,1.1766690149763122,0.030000000000001137,0.864131983965271,0.9999287499204143
0.000900000000115142,1.1766690149763122,0.07300000000000324,0.8757225718320504,0.9997742759491224
0.000900000000115142,1.1766690149763122,0.10699999999999932,0.8845846049901913,0.9996355137031603
0.000900000000115142,1.1766690149763122,0.14100000000000534,0.8924336452265296,0.9995403678394906
0.000900000000115142,1.1766690149763122,0.17899999999999494,0.8997431325554803,0.9994406346842778
0.000900000000115142,1.1766690149763122,0.2260000000000062,0.9067719716640085,0.9993295763965552
0.000900000000115142,1.1766690149763122,0.29300000000000637,0.9139254024781809,0.999216738971943
0.000900000000115142,1.1766690149763122,0.40099999999999625,0.9206271014790507,0.9990995294905847
0.000900000000115142,1.1766690149763122,0.761999999999994,0.9271623708883823,0.9988782485037331
0.000900000000115142,1.1766690149763122,128.57800000000003,0.9301363609768626,0.9979923298883548
0.0012000000000398359,0.01452676555504553,0.030000000000001137,0.8597046042641802,0.9999965040122143
0.0012000000000398359,0.01452676555504553,0.07300000000000324,0.8604279126810179,0.9999902105649583
0.0012000000000398359,0.01452676555504553,0.10699999999999932,0.8611624094374846,0.9999829410773022
0.0012000000000398359,0.01452676555504553,0.14100000000000534,0.861814330107669,0.9999802776257709
0.0012000000000398359,0.01452676555504553,0.17899999999999494,0.8624321491297966,0.9999730687208762
0.0012000000000398359,0.01452676555504553,0.2260000000000062,0.863085054537677,0.9999676445224635
0.0012000000000398359,0.01452676555504553,0.29300000000000637,0.8637493547539947,0.9999573367758413
0.0012000000000398359,0.01452676555504553,0.40099999999999625,0.8644908370791381,0.9999529715392124
0.0012000000000398359,0.01452676555504553,0.761999999999994,0.8651531283430955,0.9999459795636411
0.0012000000000398359,0.01452676555504553,128.57800000000003,0.8653694544788811,0.9999250349646907
0.0012000000000398359,0.0348698673208375,0.030000000000001137,0.8605429437879707,0.9999932855365135
0.0012000000000398359,0.0348698673208375,0.07300000000000324,0.8636893604011576,0.9999704276079683
0.0012000000000398359,0.0348698673208375,0.10699999999999932,0.8664696839489914,0.9999348998635257
0.0012000000000398359,0.0348698673208375,0.14100000000000534,0.8689923494561851,0.9999168962493321
0.0012000000000398359,0.0348698673208375,0.17899999999999494,0.8713700038265573,0.9998945070773603
0.0012000000000398359,0.0348698673208375,0.2260000000000062,0.8737454793964379,0.999868574177259
0.0012000000000398359,0.0348698673208375,0.29300000000000637,0.8762054515056154,0.9998429460056263
0.0012000000000398359,0.0348698673208375,0.40099999999999625,0.8785655462365044,0.999827408651292
0.0012000000000398359,0.0348698673208375,0.761999999999994,0.8808383792400607,0.9998063926657779
0.0012000000000398359,0.0348698673208375,128.57800000000003,0.8815233891051064,0.9997590207464588
0.0012000000000398359,0.047944545798178244,0.030000000000001137,0.8612070696940772,0.9999867512897618
0.0012000000000398359,0.047944545798178244,0.07300000000000324,0.866156714873123,0.9999470752380142
0.0012000000000398359,0.047944545798178244,0.10699999999999932,0.8702721422536663,0.9998903100209746
0.0012000000000398359,0.047944545798178244,0.14100000000000534,0.8739543244751787,0.9998685741772593
0.0012000000000398359,0.047944545798178244,0.17899999999999494,0.8774863877317212,0.9998336849011822
0.0012000000000398359,0.047944545798178244,0.2260000000000062,0.8808717081866259,0.9998033431566292
0.0012000000000398359,0.047944545798178244,0.29300000000000637,0.8842801726978498,0.9997746707788464
0.0012000000000398359,0.047944545798178244,0.40099999999999625,0.8876178216021056,0.9997475225703989
0.0012000000000398359,0.047944545798178244,0.761999999999994,0.8908840402990955,0.9997221197548724
0.0012000000000398359,0.047944545798178244,128.57800000000003,0.8918942543454991,0.9996577238107817
0.0012000000000398359,0.060791995659906214,0.030000000000001137,0.8618171156434035,0.9999781548244433
0.0012000000000398359,0.060791995659906214,0.07300000000000324,0.8682814098535266,0.9999201678290623
0.0012000000000398359,0.060791995659906214,0.10699999999999932,0.8736568856153956,0.9998610911064914
0.0012000000000398359,0.060791995659906214,0.14100000000000534,0.8782332752514901,0.999834488750191
0.0012000000000398359,0.060791995659906214,0.17899999999999494,0.8826472303909064,0.9997941326766149
0.0012000000000398359,0.060791995659906214,0.2260000000000062,0.8870295716889126,0.9997556570733225
0.0012000000000398359,0.060791995659906214,0.29300000000000637,0.8913078734945529,0.9997196179125338
0.0012000000000398359,0.060791995659906214,0.40099999999999625,0.8953730212121122,0.9996935063272469
0.0012000000000398359,0.060791995659906214,0.761999999999994,0.8995033493085477,0.9996594847077783
0.0012000000000398359,0.060791995659906214,128.57800000000003,0.900833277236837,0.9995838953767824
0.0012000000000398359,0.07452299652251426,0.030000000000001137,0.8624326901660854,0.9999713207269832
0.0012000000000398359,0.07452299652251426,0.07300000000000324,0.8704139536033163,0.9999065032438511
0.0012000000000398359,0.07452299652251426,0.10699999999999932,0.8767066499283609,0.9998365909668724
0.0012000000000398359,0.07452299652251426,0.14100000000000534,0.8822302585697201,0.9997968218129814
0.0012000000000398359,0.07452299652251426,0.17899999999999494,0.8874739123713166,0.9997528475773607
0.0012000000000398359,0.07452299652251426,0.2260000000000062,0.8926962417641715,0.9997098313377789
0.0012000000000398359,0.07452299652251426,0.29300000000000637,0.8979080611992103,0.9996652828262624
0.0012000000000398359,0.07452299652251426,0.40099999999999625,0.9028157634136945,0.9996340242911507
0.0012000000000398359,0.07452299652251426,0.761999999999994,0.9075433219329435,0.9995920988481811
0.0012000000000398359,0.07452299652251426,128.57800000000003,0.9091394353183879,0.9995033516323023
0.0012000000000398359,0.09074369104196478,0.030000000000001137,0.8630787249316313,0.9999657163118358
0.0012000000000398359,0.09074369104196478,0.07300000000000324,0.8724082091712668,0.9998890045760087
0.0012000000000398359,0.09074369104196478,0.10699999999999932,0.8797363556434341,0.999816303327028
0.0012000000000398359,0.09074369104196478,0.14100000000000534,0.886198280900586,0.999772208873936
0.0012000000000398359,0.09074369104196478,0.17899999999999494,0.8922390734930926,0.9997149328240484
0.0012000000000398359,0.09074369104196478,0.2260000000000062,0.8982039427865693,0.9996598821131517
0.0012000000000398359,0.09074369104196478,0.29300000000000637,0.9040792757071408,0.999614127850181
0.0012000000000398359,0.09074369104196478,0.40099999999999625,0.9096651005035349,0.9995854783338334
0.0012000000000398359,0.09074369104196478,0.761999999999994,0.9149410002268439,0.9995342225133795
0.0012000000000398359,0.09074369104196478,128.57800000000003,0.9167637106245757,0.999432743289161
0.0012000000000398359,0.11151288697088971,0.030000000000001137,0.8637344130016433,0.999954091083757
0.0012000000000398359,0.11151288697088971,0.07300000000000324,0.8745152023685159,0.9998664762548399
0.0012000000000398359,0.11151288697088971,0.10699999999999932,0.8829271438079086,0.9997874849048151
0.0012000000000398359,0.11151288697088971,0.14100000000000534,0.8902227548154967,0.9997350743629577
0.0012000000000398359,0.11151288697088971,0.17899999999999494,0.8970263583235644,0.9996665811981169
0.0012000000000398359,0.11151288697088971,0.2260000000000062,0.9037503706108239,0.9995992663048501
0.0012000000000398359,0.11151288697088971,0.29300000000000637,0.9103140238327814,0.999553272510436
0.0012000000000398359,0.11151288697088971,0.40099999999999625,0.9164393081913347,0.9995226709132892
0.0012000000000398359,0.11151288697088971,0.761999999999994,0.9221822355623824,0.9994593879016244
0.0012000000000398359,0.11151288697088971,128.57800000000003,0.9243285502148407,0.9993290317255782
0.0012000000000398359,0.14340710999969702,0.030000000000001137,0.8644724693198809,0.9999485695899937
0.0012000000000398359,0.14340710999969702,0.07300000000000324,0.8768537053594573,0.9998503189386264
0.0012000000000398359,0.14340710999969702,0.10699999999999932,0.8862809705780382,0.9997559776097323
0.0012000000000398359,0.14340710999969702,0.14100000000000534,0.8943978388020094,0.9996970397770434
0.0012000000000398359,0.14340710999969702,0.17899999999999494,0.9019871461545051,0.9996212204108095
0.0012000000000398359,0.14340710999969702,0.2260000000000062,0.9093015554785662,0.9995542649422751
0.0012000000000398359,0.14340710999969702,0.29300000000000637,0.9165859588752939,0.9995051935753333
0.0012000000000398359,0.14340710999969702,0.40099999999999625,0.9232958667920146,0.9994666999883662
0.0012000000000398359,0.14340710999969702,0.761999999999994,0.9294823088823356,0.999400349362505
0.0012000000000398359,0.14340710999969702,128.57800000000003,0.9320063406346453,0.9992446623488708
0.0012000000000398359,0.21095691790705187,0.030000000000001137,0.8652718254862071,0.9999407083655792
0.0012000000000398359,0.21095691790705187,0.07300000000000324,0.8791697540809754,0.9998185483026147
0.0012000000000398359,0.21095691790705187,0.10699999999999932,0.8895791156827043,0.9997113323256774
0.0012000000000398359,0.21095691790705187,0.14100000000000534,0.8985860723307235,0.9996464537369725
0.0012000000000398359,0.21095691790705187,0.17899999999999494,0.9068597655784433,0.9995618481924795
0.0012000000000398359,0.21095691790705187,0.2260000000000062,0.9148487698760709,0.9994839086699528
0.0012000000000398359,0.21095691790705187,0.29300000000000637,0.9226399543709533,0.9994303871882106
0.0012000000000398359,0.21095691790705187,0.40099999999999625,0.9299362401508612,0.9993772002361565
0.0012000000000398359,0.21095691790705187,0.761999999999994,0.9366706930122856,0.999309862298572
0.0012000000000398359,0.21095691790705187,128.57800000000003,0.9395912237631738,0.9990912839497089
0.0012000000000398359,1.1766690149763122,0.030000000000001137,0.8658181282671235,0.9999093751372372
0.0012000000000398359,1.1766690149763122,0.07300000000000324,0.8808019903706417,0.9997216474492767
0.0012000000000398359,1.1766690149763122,0.10699999999999932,0.8919060709916565,0.999560586068998
0.0012000000000398359,1.1766690149763122,0.14100000000000534,0.9014453292649502,0.9994501167446032
0.0012000000000398359,1.1766690149763122,0.17899999999999494,0.9101912745157912,0.9993297228811469
0.0012000000000398359,1.1766690149763122,0.2260000000000062,0.9185900466012766,0.9992061676501428
0.0012000000000398359,1.1766690149763122,0.29300000000000637,0.9268743498567664,0.9990572481550792
0.0012000000000398359,1.1766690149763122,0.40099999999999625,0.9345362326337109,0.9989197255154814
0.0012000000000398359,1.1766690149763122,0.761999999999994,0.9417771908167185,0.9986748319826301
0.0012000000000398359,1.1766690149763122,128.57800000000003,0.9453450121246934,0.9976375123687696
0.0015000000000782165,0.01452676555504553,0.030000000000001137,0.8597811180150721,0.9999965040122143
0.0015000000000782165,0.01452676555504553,0.07300000000000324,0.8606998919213167,0.9999891978119692
0.0015000000000782165,0.01452676555504553,0.10699999999999932,0.8616363968578361,0.9999794450895167
0.0015000000000782165,0.01452676555504553,0.14100000000000534,0.8624961782693679,0.9999777943909742
0.0015000000000782165,0.01452676555504553,0.17899999999999494,0.8633152350436227,0.9999694387251512
0.0015000000000782165,0.01452676555504553,0.2260000000000062,0.8641209263376104,0.9999635567979192
0.0015000000000782165,0.01452676555504553,0.29300000000000637,0.8649932199591726,0.9999527913224779
0.0015000000000782165,0.01452676555504553,0.40099999999999625,0.8659247622772981,0.9999439173450744
0.0015000000000782165,0.01452676555504553,0.761999999999994,0.8667438472836217,0.9999351773756107
0.0015000000000782165,0.01452676555504553,128.57800000000003,0.867020009404505,0.9999067830722697
0.0015000000000782165,0.0348698673208375,0.030000000000001137,0.8608694754311491,0.999990945805862
0.0015000000000782165,0.0348698673208375,0.07300000000000324,0.8648771972860203,0.9999661963792785
0.0015000000000782165,0.0348698673208375,0.10699999999999932,0.868374033780921,0.9999233837644774
0.0015000000000782165,0.0348698673208375,0.14100000000000534,0.8715736323771065,0.999907601255699
0.0015000000000782165,0.0348698673208375,0.17899999999999494,0.8745264672642368,0.9998805503426019
0.0015000000000782165,0.0348698673208375,0.2260000000000062,0.8774154305632806,0.9998548772344074
0.0015000000000782165,0.0348698673208375,0.29300000000000637,0.8803028501014151,0.9998204261719267
0.0015000000000782165,0.0348698673208375,0.40099999999999625,0.8830915434342529,0.9997997788438537
0.0015000000000782165,0.0348698673208375,0.761999999999994,0.8858266983842896,0.9997754981738437
0.0015000000000782165,0.0348698673208375,128.57800000000003,0.8867147955687333,0.9997192522771212
0.0015000000000782165,0.047944545798178244,0.030000000000001137,0.8617103636615,0.9999833988061216
0.0015000000000782165,0.047944545798178244,0.07300000000000324,0.8678968116590741,0.9999372858029721
0.0015000000000782165,0.047944545798178244,0.10699999999999932,0.873004157740043,0.9998738795476251
0.0015000000000782165,0.047944545798178244,0.14100000000000534,0.877569897432385,0.9998538916978025
0.0015000000000782165,0.047944545798178244,0.17899999999999494,0.8818447950346407,0.9998140549445436
0.0015000000000782165,0.047944545798178244,0.2260000000000062,0.8859191807585641,0.9997791736331235
0.0015000000000782165,0.047944545798178244,0.29300000000000637,0.889866307180932,0.999743447688272
0.0015000000000782165,0.047944545798178244,0.40099999999999625,0.8937852987800717,0.9997119948259565
0.0015000000000782165,0.047944545798178244,0.761999999999994,0.8976104601508341,0.9996777940591769
0.0015000000000782165,0.047944545798178244,128.57800000000003,0.8989002793674025,0.9996018390927685
0.0015000000000782165,0.060791995659906214,0.030000000000001137,0.8624882003762169,0.9999756348770569
0.0015000000000782165,0.060791995659906214,0.07300000000000324,0.8705277796649057,0.9999106797762769
0.0015000000000782165,0.060791995659906214,0.10699999999999932,0.8770948480438413,0.9998457946123391
0.0015000000000782165,0.060791995659906214,0.14100000000000534,0.8827735993409773,0.9998157280423957
0.0015000000000782165,0.060791995659906214,0.17899999999999494,0.8881087588010734,0.9997698445278727
0.0015000000000782165,0.060791995659906214,0.2260000000000062,0.8932658581330304,0.9997287968819022
0.0015000000000782165,0.060791995659906214,0.29300000000000637,0.8981903842647041,0.9996888645872698
0.0015000000000782165,0.060791995659906214,0.40099999999999625,0.9028667316718032,0.9996549795767127
0.0015000000000782165,0.060791995659906214,0.761999999999994,0.9076149505914124,0.9996127363600469
0.0015000000000782165,0.060791995659906214,128.57800000000003,0.9092368483015031,0.9995224958166709
0.0015000000000782165,0.07452299652251426,0.030000000000001137,0.8632560445096575,0.9999676540186692
0.0015000000000782165,0.07452299652251426,0.07300000000000324,0.8731012846864474,0.9998948828935318
0.0015000000000782165,0.07452299652251426,0.10699999999999932,0.8807782698438548,0.9998173587397899
0.0015000000000782165,0.07452299652251426,0.14100000000000534,0.8875159598185999,0.9997757452447059
0.0015000000000782165,0.07452299652251426,0.17899999999999494,0.8937979569127029,0.9997244696866009
0.0015000000000782165,0.07452299652251426,0.2260000000000062,0.8999036826562371,0.9996772992532162
0.0015000000000782165,0.07452299652251426,0.29300000000000637,0.9057690737136209,0.999629892699468
0.0015000000000782165,0.07452299652251426,0.40099999999999625,0.9112670926562275,0.9995914491296333
0.0015000000000782165,0.07452299652251426,0.761999999999994,0.9166395389564382,0.9995378433370822
0.0015000000000782165,0.07452299652251426,128.57800000000003,0.9185784668411822,0.9994286109642897
0.0015000000000782165,0.09074369104196478,0.030000000000001137,0.8640580875095436,0.99995886784041
0.0015000000000782165,0.09074369104196478,0.07300000000000324,0.8755040080791211,0.9998745166872524
0.0015000000000782165,0.09074369104196478,0.10699999999999932,0.8843626080127732,0.9997920518908754
0.0015000000000782165,0.09074369104196478,0.14100000000000534,0.8921145928572166,0.9997481546294555
0.0015000000000782165,0.09074369104196478,0.17899999999999494,0.8993096684666252,0.9996830163464167
0.0015000000000782165,0.09074369104196478,0.2260000000000062,0.9062282403872653,0.9996257029397553
0.0015000000000782165,0.09074369104196478,0.29300000000000637,0.9127029237428442,0.9995768709014471
0.0015000000000782165,0.09074369104196478,0.40099999999999625,0.9189077525227302,0.9995378263621445
0.0015000000000782165,0.09074369104196478,0.761999999999994,0.9247052040198065,0.9994795614294398
0.0015000000000782165,0.09074369104196478,128.57800000000003,0.9269012485237585,0.999351053387178
0.0015000000000782165,0.11151288697088971,0.030000000000001137,0.864864260797357,0.9999457934604091
0.0015000000000782165,0.11151288697088971,0.07300000000000324,0.8780779122437428,0.9998511558298293
0.0015000000000782165,0.11151288697088971,0.10699999999999932,0.88821104747909,0.9997581866786563
0.0015000000000782165,0.11151288697088971,0.14100000000000534,0.8969640892690701,0.9997047207847234
0.0015000000000782165,0.11151288697088971,0.17899999999999494,0.9049004235360187,0.99962843881191
0.0015000000000782165,0.11151288697088971,0.2260000000000062,0.9125299487765189,0.9995601358417527
0.0015000000000782165,0.11151288697088971,0.29300000000000637,0.9197516477987557,0.9995127483976072
0.0015000000000782165,0.11151288697088971,0.40099999999999625,0.9264249399558453,0.9994716570224406
0.0015000000000782165,0.11151288697088971,0.761999999999994,0.9326673667912021,0.9994041134875425
0.0015000000000782165,0.11151288697088971,128.57800000000003,0.9352234729338622,0.999245949316782
0.0015000000000782165,0.14340710999969702,0.030000000000001137,0.8657912574415985,0.9999357632258723
0.0015000000000782165,0.14340710999969702,0.07300000000000324,0.8808499589878603,0.9998264472483555
0.0015000000000782165,0.14340710999969702,0.10699999999999932,0.892111578466301,0.9997183073263107
0.0015000000000782165,0.14340710999969702,0.14100000000000534,0.9017542565423106,0.9996566215891578
0.0015000000000782165,0.14340710999969702,0.17899999999999494,0.9104153556423017,0.9995787186744706
0.0015000000000782165,0.14340710999969702,0.2260000000000062,0.9187018168137183,0.9995105214871327
0.0015000000000782165,0.14340710999969702,0.29300000000000637,0.9265928679841395,0.9994621769343124
0.0015000000000782165,0.14340710999969702,0.40099999999999625,0.9337944025601993,0.9994137980878153
0.0015000000000782165,0.14340710999969702,0.761999999999994,0.9404590115865828,0.999339393598621
0.0015000000000782165,0.14340710999969702,128.57800000000003,0.9433992179929435,0.9991502423143126
0.0015000000000782165,0.21095691790705187,0.030000000000001137,0.8667295565442434,0.9999268892484685
0.0015000000000782165,0.21095691790705187,0.07300000000000324,0.8836208203796001,0.9997898014909167
0.0015000000000782165,0.21095691790705187,0.10699999999999932,0.8959722013307142,0.9996682077629911
0.0015000000000782165,0.21095691790705187,0.14100000000000534,0.9065203040745566,0.9995980988820201
0.0015000000000782165,0.21095691790705187,0.17899999999999494,0.9158575820299476,0.9995077918905264
0.0015000000000782165,0.21095691790705187,0.2260000000000062,0.9248180577857027,0.9994277612714285
0.0015000000000782165,0.21095691790705187,0.29300000000000637,0.9330669414242352,0.9993708661379013
0.0015000000000782165,0.21095691790705187,0.40099999999999625,0.9407721344150478,0.999309591049978
0.0015000000000782165,0.21095691790705187,0.761999999999994,0.9478029855795962,0.9992253192637869
0.0015000000000782165,0.21095691790705187,128.57800000000003,0.9511065253201919,0.9989827580640845
0.0015000000000782165,1.1766690149763122,0.030000000000001137,0.8674160807127254,0.9998832833502879
0.0015000000000782165,1.1766690149763122,0.07300000000000324,0.8856263555976578,0.9996700535539049
0.0015000000000782165,1.1766690149763122,0.10699999999999932,0.89869822597337,0.9994830150834171
0.0015000000000782165,1.1766690149763122,0.14100000000000534,0.9098222655299963,0.9993575678573792
0.0015000000000782165,1.1766690149763122,0.17899999999999494,0.9196638785435436,0.999224597035387
0.0015000000000782165,1.1766690149763122,0.2260000000000062,0.9289907009146612,0.9990907958418465
0.0015000000000782165,1.1766690149763122,0.29300000000000637,0.937636248435649,0.9989436709991776
0.0015000000000782165,1.1766690149763122,0.40099999999999625,0.9457288164962344,0.9987875404155893
0.0015000000000782165,1.1766690149763122,0.761999999999994,0.9532112276515847,0.9985059795884378
0.0015000000000782165,1.1766690149763122,128.57800000000003,0.9571720866421707,0.9973382228417389
0.0018999999999778083,0.01452676555504553,0.030000000000001137,0.8598701090432967,0.9999954912592258
0.0018999999999778083,0.01452676555504553,0.07300000000000324,0.86105396379987,0.9999866778645834
0.0018999999999778083,0.01452676555504553,0.10699999999999932,0.8622082838769615,0.9999746126278627
0.0018999999999778083,0.01452676555504553,0.14100000000000534,0.8632751548785619,0.9999709826321376
0.0018999999999778083,0.01452676555504553,0.17899999999999494,0.8642595889962075,0.9999631819904841
0.0018999999999778083,0.01452676555504553,0.2260000000000062,0.8652693606286864,0.9999548168284554
0.0018999999999778083,0.01452676555504553,0.29300000000000637,0.8663509498219144,0.9999410130940476
0.0018999999999778083,0.01452676555504553,0.40099999999999625,0.8674677281177448,0.9999322364119942
0.0018999999999778083,0.01452676555504553,0.761999999999994,0.8684459610190689,0.9999204581835642
0.0018999999999778083,0.01452676555504553,128.57800000000003,0.8688015383579624,0.999882545508412
0.0018999999999778083,0.0348698673208375,0.030000000000001137,0.86120449664081,0.9999882217715698
0.0018999999999778083,0.0348698673208375,0.07300000000000324,0.8661152591559796,0.9999555281991872
0.0018999999999778083,0.0348698673208375,0.10699999999999932,0.8702803865513179,0.9999081701310228
0.0018999999999778083,0.0348698673208375,0.14100000000000534,0.8741221508918487,0.9998904689078228
0.0018999999999778083,0.0348698673208375,0.17899999999999494,0.877618106640663,0.9998615727054826
0.0018999999999778083,0.0348698673208375,0.2260000000000062,0.8810902100607927,0.9998261792324764
0.0018999999999778083,0.0348698673208375,0.29300000000000637,0.884450186833184,0.9997889579269083
0.0018999999999778083,0.0348698673208375,0.40099999999999625,0.887711309500099,0.9997647720119633
0.0018999999999778083,0.0348698673208375,0.761999999999994,0.8908462742839747,0.9997356922466769
0.0018999999999778083,0.0348698673208375,128.57800000000003,0.8919526450455432,0.9996636013968735
0.0018999999999778083,0.047944545798178244,0.030000000000001137,0.8621898037281414,0.9999786492658518
0.0018999999999778083,0.047944545798178244,0.07300000000000324,0.8697415922410778,0.9999228074104215
0.0018999999999778083,0.047944545798178244,0.10699999999999932,0.8758365078674316,0.999856152922705
0.0018999999999778083,0.047944545798178244,0.14100000000000534,0.8812389233415959,0.9998323011728955
0.0018999999999778083,0.047944545798178244,0.17899999999999494,0.8862093610083797,0.9997897514130983
0.0018999999999778083,0.047944545798178244,0.2260000000000062,0.8910579812589718,0.9997463922615966
0.0018999999999778083,0.047944545798178244,0.29300000000000637,0.8955990558779362,0.9997069642245799
0.0018999999999778083,0.047944545798178244,0.40099999999999625,0.8999854589281994,0.9996698012249844
0.0018999999999778083,0.047944545798178244,0.761999999999994,0.9042937614343612,0.9996280628939832
0.0018999999999778083,0.047944545798178244,128.57800000000003,0.9058532085311195,0.99953298398671
0.0018999999999778083,0.060791995659906214,0.030000000000001137,0.8631682146930211,0.9999682585978453
0.0018999999999778083,0.060791995659906214,0.07300000000000324,0.872932338849168,0.9998945873977728
0.0018999999999778083,0.060791995659906214,0.10699999999999932,0.8807225444094154,0.9998213639681885
0.0018999999999778083,0.060791995659906214,0.14100000000000534,0.8873823931088725,0.9997886766064865
0.0018999999999778083,0.060791995659906214,0.17899999999999494,0.8935731631016574,0.9997359494982984
0.0018999999999778083,0.060791995659906214,0.2260000000000062,0.8994688897063906,0.9996870465144102
0.0018999999999778083,0.060791995659906214,0.29300000000000637,0.9050059671447817,0.9996364774492772
0.0018999999999778083,0.060791995659906214,0.40099999999999625,0.9102796744524199,0.9995927567948832
0.0018999999999778083,0.060791995659906214,0.761999999999994,0.9155184521151737,0.9995442689407278
0.0018999999999778083,0.060791995659906214,128.57800000000003,0.9174275731143136,0.9994324931364611
0.0018999999999778083,0.07452299652251426,0.030000000000001137,0.8641143300180725,0.9999602777394573
0.0018999999999778083,0.07452299652251426,0.07300000000000324,0.8759206182781248,0.9998735131669726
0.0018999999999778083,0.07452299652251426,0.10699999999999932,0.8849817784968832,0.9997803350511328
0.0018999999999778083,0.07452299652251426,0.14100000000000534,0.8929161264236002,0.9997350017437056
0.0018999999999778083,0.07452299652251426,0.17899999999999494,0.9001284049725837,0.9996797665218121
0.0018999999999778083,0.07452299652251426,0.2260000000000062,0.9070494133557891,0.999623066765294
0.0018999999999778083,0.07452299652251426,0.29300000000000637,0.9135173022286984,0.999570093578411
0.0018999999999778083,0.07452299652251426,0.40099999999999625,0.919627753604525,0.9995229909430232
0.0018999999999778083,0.07452299652251426,0.761999999999994,0.925503638067496,0.9994601494108615
0.0018999999999778083,0.07452299652251426,128.57800000000003,0.9277971538250942,0.9993249767997374
0.0018999999999778083,0.09074369104196478,0.030000000000001137,0.8650997439372495,0.9999518604821365
0.0018999999999778083,0.09074369104196478,0.07300000000000324,0.8788441518643317,0.99985083906487
0.0018999999999778083,0.09074369104196478,0.10699999999999932,0.8892400340001982,0.9997538794238162
0.0018999999999778083,0.09074369104196478,0.14100000000000534,0.8982918276703393,0.9997048082596849
0.0018999999999778083,0.09074369104196478,0.17899999999999494,0.9063642763286276,0.9996362902766222
0.0018999999999778083,0.09074369104196478,0.2260000000000062,0.914111475365463,0.999573282698882
0.0018999999999778083,0.09074369104196478,0.29300000000000637,0.9212307234836472,0.9995186745161606
0.0018999999999778083,0.09074369104196478,0.40099999999999625,0.9279783515492993,0.9994686626912991
0.0018999999999778083,0.09074369104196478,0.761999999999994,0.934184529362719,0.9994014369907832
0.0018999999999778083,0.09074369104196478,128.57800000000003,0.9368039345125591,0.9992417482006141
0.0018999999999778083,0.11151288697088971,0.030000000000001137,0.8660656472533133,0.9999343746567114
0.0018999999999778083,0.11151288697088971,0.07300000000000324,0.8818157779924958,0.9998185118124538
0.0018999999999778083,0.11151288697088971,0.10699999999999932,0.8935937548065598,0.9997082434618991
0.0018999999999778083,0.11151288697088971,0.14100000000000534,0.9036290482109182,0.9996485754688769
0.0018999999999778083,0.11151288697088971,0.17899999999999494,0.9124794222934881,0.9995701896871472
0.0018999999999778083,0.11151288697088971,0.2260000000000062,0.9209294429008624,0.9994961974843575
0.0018999999999778083,0.11151288697088971,0.29300000000000637,0.9287277072278111,0.9994435849902588
0.0018999999999778083,0.11151288697088971,0.40099999999999625,0.9359752921436766,0.999392081414389
0.0018999999999778083,0.11151288697088971,0.761999999999994,0.9424588952180606,0.9993111458679178
0.0018999999999778083,0.11151288697088971,128.57800000000003,0.9454764584520493,0.9991210007249713
0.0018999999999778083,0.14340710999969702,0.030000000000001137,0.8671488196883811,0.9999205709223035
0.0018999999999778083,0.14340710999969702,0.07300000000000324,0.8850550655781381,0.9997934155811273
0.0018999999999778083,0.14340710999969702,0.10699999999999932,0.8980949404256487,0.9996652976254671
0.0018999999999778083,0.14340710999969702,0.14100000000000534,0.9090729890223145,0.9995958563860324
0.0018999999999778083,0.14340710999969702,0.17899999999999494,0.9186456010839417,0.9995120667270393
0.0018999999999778083,0.14340710999969702,0.2260000000000062,0.9277208770970022,0.9994372306164402
0.0018999999999778083,0.14340710999969702,0.29300000000000637,0.9360411382547698,0.9993816775839638
0.0018999999999778083,0.14340710999969702,0.40099999999999625,0.9437511117304723,0.9993242903875719
0.0018999999999778083,0.14340710999969702,0.761999999999994,0.9505138756111077,0.999239616760445
0.0018999999999778083,0.14340710999969702,128.57800000000003,0.9538740642456295,0.9990072881043318
0.0018999999999778083,0.21095691790705187,0.030000000000001137,0.8682623707667046,0.999909033493369
0.0018999999999778083,0.21095691790705187,0.07300000000000324,0.8882317871920948,0.99975524363688
0.0018999999999778083,0.21095691790705187,0.10699999999999932,0.9025468139542719,0.9996119880132291
0.0018999999999778083,0.21095691790705187,0.14100000000000534,0.9144021006319077,0.9995363660652774
0.0018999999999778083,0.21095691790705187,0.17899999999999494,0.9246608201043971,0.9994365217491064
0.0018999999999778083,0.21095691790705187,0.2260000000000062,0.9342828041579978,0.9993452591493543
0.0018999999999778083,0.21095691790705187,0.29300000000000637,0.94289668924038,0.9992775123730219
0.0018999999999778083,0.21095691790705187,0.40099999999999625,0.9509348693260615,0.9991995226679268
0.0018999999999778083,0.21095691790705187,0.761999999999994,0.9579813461936364,0.9991124674563019
0.0018999999999778083,0.21095691790705187,128.57800000000003,0.9616952080101867,0.9988155344110199
0.0018999999999778083,1.1766690149763122,0.030000000000001137,0.8691249602531069,0.9998510916980462
0.0018999999999778083,1.1766690149763122,0.07300000000000324,0.8906283783830589,0.999596523555866
0.0018999999999778083,1.1766690149763122,0.10699999999999932,0.9056863735909794,0.9993885762729314
0.0018999999999778083,1.1766690149763122,0.14100000000000534,0.9181412831870999,0.9992513575042783
0.0018999999999778083,1.1766690149763122,0.17899999999999494,0.9288530110656326,0.9990754582768768
0.0018999999999778083,1.1766690149763122,0.2260000000000062,0.9388012351388473,0.9989260972971452
0.0018999999999778083,1.1766690149763122,0.29300000000000637,0.9478257238770691,0.9987559157553423
0.0018999999999778083,1.1766690149763122,0.40099999999999625,0.9562018381834496,0.9985896787305857
0.0018999999999778083,1.1766690149763122,0.761999999999994,0.9635864830714361,0.9982981646653386
0.0018999999999778083,1.1766690149763122,128.57800000000003,0.9679471554323316,0.9969547440611998
0.002399999999852298,0.01452676555504553,0.030000000000001137,0.859936410264346,0.9999954912592255
0.002399999999852298,0.01452676555504553,0.07300000000000324,0.861357079875231,0.9999856651115946
0.002399999999852298,0.01452676555504553,0.10699999999999932,0.8627194429318663,0.9999721388892718
0.002399999999852298,0.01452676555504553,0.14100000000000534,0.8640024725589018,0.9999676301484973
0.002399999999852298,0.01452676555504553,0.17899999999999494,0.8651776021284527,0.9999589874743836
0.002399999999852298,0.01452676555504553,0.2260000000000062,0.8664053854288025,0.9999504883044155
0.002399999999852298,0.01452676555504553,0.29300000000000637,0.867687738594346,0.9999346590640305
0.002399999999852298,0.01452676555504553,0.40099999999999625,0.8689701626128348,0.9999248696289883
0.002399999999852298,0.01452676555504553,0.761999999999994,0.8701471526657284,0.9999107054611119
0.002399999999852298,0.01452676555504553,128.57800000000003,0.8705806251929458,0.9998693052856431
0.002399999999852298,0.0348698673208375,0.030000000000001137,0.8615099811104023,0.9999867512897617
0.002399999999852298,0.0348698673208375,0.07300000000000324,0.8673817359598659,0.9999491459440498
0.002399999999852298,0.0348698673208375,0.10699999999999932,0.8723286635073949,0.9998981424974575
0.002399999999852298,0.0348698673208375,0.14100000000000534,0.8767716250454577,0.9998747737360636
0.002399999999852298,0.0348698673208375,0.17899999999999494,0.8808787627600221,0.9998442910276505
0.002399999999852298,0.0348698673208375,0.2260000000000062,0.8848375102012356,0.9998070794817847
0.002399999999852298,0.0348698673208375,0.29300000000000637,0.8886614072202347,0.999769418431072
0.002399999999852298,0.0348698673208375,0.40099999999999625,0.8923433991466413,0.9997396222144826
0.002399999999852298,0.0348698673208375,0.761999999999994,0.8959375479914146,0.9997065982287969
0.002399999999852298,0.0348698673208375,128.57800000000003,0.8973014210628343,0.9996175781546423
0.002399999999852298,0.047944545798178244,0.030000000000001137,0.8627079210598608,0.9999776365128629
0.002399999999852298,0.047944545798178244,0.07300000000000324,0.8715998206055023,0.9999141126410157
0.002399999999852298,0.047944545798178244,0.10699999999999932,0.878675480434926,0.9998441790948375
0.002399999999852298,0.047944545798178244,0.14100000000000534,0.8849325181599653,0.9998089819665085
0.002399999999852298,0.047944545798178244,0.17899999999999494,0.8906707746740166,0.9997638329476498
0.002399999999852298,0.047944545798178244,0.2260000000000062,0.8961264138810222,0.9997131665871662
0.002399999999852298,0.047944545798178244,0.29300000000000637,0.9012469688343141,0.9996694467386988
0.002399999999852298,0.047944545798178244,0.40099999999999625,0.9060946342575942,0.9996309164391427
0.002399999999852298,0.047944545798178244,0.761999999999994,0.9108538828496882,0.9995807867991526
0.002399999999852298,0.047944545798178244,128.57800000000003,0.9127712494301172,0.9994658053486732
0.002399999999852298,0.060791995659906214,0.030000000000001137,0.8638869831813779,0.9999657753630483
0.002399999999852298,0.060791995659906214,0.07300000000000324,0.8753517101233039,0.9998852274664298
0.002399999999852298,0.060791995659906214,0.10699999999999932,0.8843132459186225,0.9998021104112196
0.002399999999852298,0.060791995659906214,0.14100000000000534,0.8919348760130328,0.9997630405308832
0.002399999999852298,0.060791995659906214,0.17899999999999494,0.8989246612179153,0.9997052804231567
0.002399999999852298,0.060791995659906214,0.2260000000000062,0.9054912009149266,0.9996512536143756
0.002399999999852298,0.060791995659906214,0.29300000000000637,0.9116840667834746,0.999597165436525
0.002399999999852298,0.060791995659906214,0.40099999999999625,0.9173495182313196,0.9995504579339036
0.002399999999852298,0.060791995659906214,0.761999999999994,0.9229357975854385,0.9994987114845599
0.002399999999852298,0.060791995659906214,128.57800000000003,0.9252478464588393,0.9993615177733904
0.002399999999852298,0.07452299652251426,0.030000000000001137,0.865019101831294,0.9999567817516717
0.002399999999852298,0.07452299652251426,0.07300000000000324,0.8787841286799092,0.9998611149766632
0.002399999999852298,0.07452299652251426,0.10699999999999932,0.8891780534804096,0.9997563770932654
0.002399999999852298,0.07452299652251426,0.14100000000000534,0.898189200845672,0.9997052719963743
0.002399999999852298,0.07452299652251426,0.17899999999999494,0.9062287142693591,0.9996408852849925
0.002399999999852298,0.07452299652251426,0.2260000000000062,0.913810238586753,0.9995813373024497
0.002399999999852298,0.07452299652251426,0.29300000000000637,0.9208835774762125,0.9995257406621504
0.002399999999852298,0.07452299652251426,0.40099999999999625,0.9273653088122519,0.9994765973408921
0.002399999999852298,0.07452299652251426,0.761999999999994,0.9334717153489306,0.9994111072170904
0.002399999999852298,0.07452299652251426,128.57800000000003,0.9361696393027973,0.9992525079030076
0.002399999999852298,0.09074369104196478,0.030000000000001137,0.8661491233289319,0.9999480348869737
0.002399999999852298,0.09074369104196478,0.07300000000000324,0.88216383310577,0.999836119872824
0.002399999999852298,0.09074369104196478,0.10699999999999932,0.8940540961497306,0.9997261967758457
0.002399999999852298,0.09074369104196478,0.14100000000000534,0.9042213837199834,0.999669035421485
0.002399999999852298,0.09074369104196478,0.17899999999999494,0.9131428327103024,0.9995898987526514
0.002399999999852298,0.09074369104196478,0.2260000000000062,0.9215254234611723,0.9995271938252192
0.002399999999852298,0.09074369104196478,0.29300000000000637,0.9292574260712668,0.9994723507294997
0.002399999999852298,0.09074369104196478,0.40099999999999625,0.9363279725235,0.9994137800392724
0.002399999999852298,0.09074369104196478,0.761999999999994,0.9426625906531871,0.9993426589281246
0.002399999999852298,0.09074369104196478,128.57800000000003,0.9456541691597316,0.9991650355212541
0.002399999999852298,0.11151288697088971,0.030000000000001137,0.8672758050519435,0.999927111055553
0.002399999999852298,0.11151288697088971,0.07300000000000324,0.8855323709437081,0.9997948085052366
0.002399999999852298,0.11151288697088971,0.10699999999999932,0.8989410797456949,0.9996702152852938
0.002399999999852298,0.11151288697088971,0.14100000000000534,0.9101287824244204,0.9996035707600898
0.002399999999852298,0.11151288697088971,0.17899999999999494,0.9198797255091637,0.9995142477736529
0.002399999999852298,0.11151288697088971,0.2260000000000062,0.9289117484796494,0.9994349891898756
0.002399999999852298,0.11151288697088971,0.29300000000000637,0.9372363374409948,0.9993787479681033
0.002399999999852298,0.11151288697088971,0.40099999999999625,0.9447404444700888,0.9993194600813332
0.002399999999852298,0.11151288697088971,0.761999999999994,0.9511970019665252,0.9992393463675452
0.002399999999852298,0.11151288697088971,128.57800000000003,0.954575979281004,0.9990306050807296
0.002399999999852298,0.14340710999969702,0.030000000000001137,0.8685524465752814,0.9999134046164956
0.002399999999852298,0.14340710999969702,0.07300000000000324,0.8892129049070858,0.9997663407978583
0.002399999999852298,0.14340710999969702,0.10699999999999932,0.9039166811170256,0.9996270958638642
0.002399999999852298,0.14340710999969702,0.14100000000000534,0.9160622932528093,0.9995462394304401
0.002399999999852298,0.14340710999969702,0.17899999999999494,0.9265244681103734,0.9994561563848773
0.002399999999852298,0.14340710999969702,0.2260000000000062,0.9360826709864059,0.9993728554187378
0.002399999999852298,0.14340710999969702,0.29300000000000637,0.944847088684611,0.9993126921938167
0.002399999999852298,0.14340710999969702,0.40099999999999625,0.9526704319679884,0.9992529598055144
0.002399999999852298,0.14340710999969702,0.761999999999994,0.9592571081109368,0.9991662964369491
0.002399999999852298,0.14340710999969702,128.57800000000003,0.9629485167327808,0.9989085134137148
0.002399999999852298,0.21095691790705187,0.030000000000001137,0.8698773645888767,0.9999015529628867
0.002399999999852298,0.21095691790705187,0.07300000000000324,0.892792023044823,0.999723474009605
0.002399999999852298,0.21095691790705187,0.10699999999999932,0.9088346852287948,0.9995706464030475
0.002399999999852298,0.21095691790705187,0.14100000000000534,0.9218088795070739,0.9994791987637331
0.002399999999852298,0.21095691790705187,0.17899999999999494,0.9329225513980133,0.99937169529258
0.002399999999852298,0.21095691790705187,0.2260000000000062,0.9429173224772551,0.9992697048780261
0.002399999999852298,0.21095691790705187,0.29300000000000637,0.9518779457024553,0.999199200417909
0.002399999999852298,0.21095691790705187,0.40099999999999625,0.9598484947872541,0.9991177120633703
0.002399999999852298,0.21095691790705187,0.761999999999994,0.9665710956058857,0.9990254591432433
0.002399999999852298,0.21095691790705187,128.57800000000003,0.9706069564317402,0.9986921015184246
0.002399999999852298,1.1766690149763122,0.030000000000001137,0.870937093355938,0.9998295761298662
0.002399999999852298,1.1766690149763122,0.07300000000000324,0.8955338141512783,0.9995258698273032
0.002399999999852298,1.1766690149763122,0.10699999999999932,0.9123296658318885,0.9992853039421107
0.002399999999852298,1.1766690149763122,0.14100000000000534,0.9259107707085711,0.9991305722172703
0.002399999999852298,1.1766690149763122,0.17899999999999494,0.9374525621550737,0.9989425535173084
0.002399999999852298,1.1766690149763122,0.2260000000000062,0.9477773809631881,0.9987758385431452
0.002399999999852298,1.1766690149763122,0.29300000000000637,0.9570598531219638,0.9985958459526595
0.002399999999852298,1.1766690149763122,0.40099999999999625,0.9651429870294295,0.9984285539969384
0.002399999999852298,1.1766690149763122,0.761999999999994,0.9721058365024298,0.9981237957066266
0.002399999999852298,1.1766690149763122,128.57800000000003,0.9767306279345602,0.9966618042467033
0.0030000000006111804,0.01452676555504553,0.030000000000001137,0.8600201894172419,0.9999954912592255
0.0030000000006111804,0.01452676555504553,0.07300000000000324,0.8616833228270868,0.9999856651115944
0.0030000000006111804,0.01452676555504553,0.10699999999999932,0.8632605476559028,0.9999721388892715
0.0030000000006111804,0.01452676555504553,0.14100000000000534,0.8647479170236799,0.9999661596666893
0.0030000000006111804,0.01452676555504553,0.17899999999999494,0.8661094417406613,0.999957974721395
0.0030000000006111804,0.01452676555504553,0.2260000000000062,0.8675203063254915,0.9999464372924601
0.0030000000006111804,0.01452676555504553,0.29300000000000637,0.8690278088149722,0.9999306080520752
0.0030000000006111804,0.01452676555504553,0.40099999999999625,0.8705434994735064,0.999917780358067
0.0030000000006111804,0.01452676555504553,0.761999999999994,0.8718763615042103,0.9999036161901904
0.0030000000006111804,0.01452676555504553,128.57800000000003,0.8724021664529585,0.9998524360758854
0.0030000000006111804,0.0348698673208375,0.030000000000001137,0.861868291716779,0.999983532814061
0.0030000000006111804,0.0348698673208375,0.07300000000000324,0.8685892855938826,0.9999449881405386
0.0030000000006111804,0.0348698673208375,0.10699999999999932,0.8742866705338312,0.9998925211073721
0.0030000000006111804,0.0348698673208375,0.14100000000000534,0.8792655208834937,0.9998686211919807
0.0030000000006111804,0.0348698673208375,0.17899999999999494,0.8838477669602985,0.9998328482930942
0.0030000000006111804,0.0348698673208375,0.2260000000000062,0.8882655140663049,0.9997926164719368
0.0030000000006111804,0.0348698673208375,0.29300000000000637,0.8925589962959228,0.9997481708787713
0.0030000000006111804,0.0348698673208375,0.40099999999999625,0.8966709367919271,0.9997111811399899
0.0030000000006111804,0.0348698673208375,0.761999999999994,0.9005878457318649,0.9996736517597417
0.0030000000006111804,0.0348698673208375,128.57800000000003,0.902169151196638,0.9995585457281427
0.0030000000006111804,0.047944545798178244,0.030000000000001137,0.8632554597809247,0.9999716205776915
0.0030000000006111804,0.047944545798178244,0.07300000000000324,0.8734381551369754,0.9999055528882866
0.0030000000006111804,0.047944545798178244,0.10699999999999932,0.8814011592777604,0.9998364210522703
0.0030000000006111804,0.047944545798178244,0.14100000000000534,0.8883481348969648,0.9997968039910484
0.0030000000006111804,0.047944545798178244,0.17899999999999494,0.8946609613898476,0.9997429507065783
0.0030000000006111804,0.047944545798178244,0.2260000000000062,0.900605217803277,0.9996882309966648
0.0030000000006111804,0.047944545798178244,0.29300000000000637,0.9063109247239768,0.9996401517980654
0.0030000000006111804,0.047944545798178244,0.40099999999999625,0.911629897684943,0.9995901787639532
0.0030000000006111804,0.047944545798178244,0.761999999999994,0.9167273569896622,0.9995356202176761
0.0030000000006111804,0.047944545798178244,128.57800000000003,0.9188741273657993,0.9993912482493387
0.0030000000006111804,0.060791995659906214,0.030000000000001137,0.8646410259029662,0.9999592044037074
0.0030000000006111804,0.060791995659906214,0.07300000000000324,0.8776890873028558,0.999868843201875
0.0030000000006111804,0.060791995659906214,0.10699999999999932,0.8877247231283191,0.9997872844276173
0.0030000000006111804,0.060791995659906214,0.14100000000000534,0.896083132032204,0.99974208587337
0.0030000000006111804,0.060791995659906214,0.17899999999999494,0.9037487531486293,0.9996788520729104
0.0030000000006111804,0.060791995659906214,0.2260000000000062,0.9108204704201539,0.9996147097707325
0.0030000000006111804,0.060791995659906214,0.29300000000000637,0.9175111468678506,0.9995577088543864
0.0030000000006111804,0.060791995659906214,0.40099999999999625,0.9236160874877246,0.9995017563752635
0.0030000000006111804,0.060791995659906214,0.761999999999994,0.9294706012534729,0.9994412169131137
0.0030000000006111804,0.060791995659906214,128.57800000000003,0.9320469782175879,0.9992818339107428
0.0030000000006111804,0.07452299652251426,0.030000000000001137,0.8659290534877879,0.9999479896869158
0.0030000000006111804,0.07452299652251426,0.07300000000000324,0.8815885754440558,0.9998418264610818
0.0030000000006111804,0.07452299652251426,0.10699999999999932,0.8931446696707672,0.9997347026382375
0.0030000000006111804,0.07452299652251426,0.14100000000000534,0.9029178857009768,0.9996775517888193
0.0030000000006111804,0.07452299652251426,0.17899999999999494,0.9116325492310711,0.9996039725810981
0.0030000000006111804,0.07452299652251426,0.2260000000000062,0.9197350763628197,0.9995345054498362
0.0030000000006111804,0.07452299652251426,0.29300000000000637,0.9272880373457165,0.9994731108124257
0.0030000000006111804,0.07452299652251426,0.40099999999999625,0.934103130193954,0.9994148917036464
0.0030000000006111804,0.07452299652251426,0.761999999999994,0.9403598907359225,0.9993415206784652
0.0030000000006111804,0.07452299652251426,128.57800000000003,0.9432924056181996,0.99915472834786
0.0030000000006111804,0.09074369104196478,0.030000000000001137,0.8672173138880314,0.9999387850933984
0.0030000000006111804,0.09074369104196478,0.07300000000000324,0.885313568093255,0.9998106719179257
0.0030000000006111804,0.09074369104196478,0.10699999999999932,0.8985272064456804,0.9996919939915924
0.0030000000006111804,0.09074369104196478,0.14100000000000534,0.9094637475600247,0.9996326656445824
0.0030000000006111804,0.09074369104196478,0.17899999999999494,0.919177936271238,0.9995404240896575
0.0030000000006111804,0.09074369104196478,0.2260000000000062,0.9280080768741236,0.9994692236019656
0.0030000000006111804,0.09074369104196478,0.29300000000000637,0.9361148309848509,0.9994102383277937
0.0030000000006111804,0.09074369104196478,0.40099999999999625,0.9434357824811913,0.9993406511818705
0.0030000000006111804,0.09074369104196478,0.761999999999994,0.949814780912466,0.9992611344026029
0.0030000000006111804,0.09074369104196478,128.57800000000003,0.9530845582175886,0.9990569239126682
0.0030000000006111804,0.11151288697088971,0.030000000000001137,0.8685221908024497,0.9999178612619779
0.0030000000006111804,0.11151288697088971,0.07300000000000324,0.8890785214079946,0.9997639730645148
0.0030000000006111804,0.11151288697088971,0.10699999999999932,0.9038509973491183,0.9996333202408908
0.0030000000006111804,0.11151288697088971,0.14100000000000534,0.9157896271078921,0.9995600490513448
0.0030000000006111804,0.11151288697088971,0.17899999999999494,0.9262439968976842,0.9994606142165839
0.0030000000006111804,0.11151288697088971,0.2260000000000062,0.9356618924663557,0.9993761710265241
0.0030000000006111804,0.11151288697088971,0.29300000000000637,0.944222560967552,0.9993197200341587
0.0030000000006111804,0.11151288697088971,0.40099999999999625,0.9519055279147445,0.9992469860625952
0.0030000000006111804,0.11151288697088971,0.761999999999994,0.9582151102023952,0.9991583313419516
0.0030000000006111804,0.11151288697088971,128.57800000000003,0.9618927098971751,0.998926712735867
0.0030000000006111804,0.14340710999969702,0.030000000000001137,0.8699753343221567,0.9999003446104608
0.0030000000006111804,0.14340710999969702,0.07300000000000324,0.8930544036442775,0.9997328881144
0.0030000000006111804,0.14340710999969702,0.10699999999999932,0.9091647882898214,0.9995761483209011
0.0030000000006111804,0.14340710999969702,0.14100000000000534,0.9220592594437976,0.9994871516801157
0.0030000000006111804,0.14340710999969702,0.17899999999999494,0.9332343182652075,0.9993847528585615
0.0030000000006111804,0.14340710999969702,0.2260000000000062,0.9431535840434284,0.9992933754926604
0.0030000000006111804,0.14340710999969702,0.29300000000000637,0.952119105305566,0.9992327632898856
0.0030000000006111804,0.14340710999969702,0.40099999999999625,0.9599041486256543,0.9991573393552786
0.0030000000006111804,0.14340710999969702,0.761999999999994,0.96608055158403,0.9990682053308372
0.0030000000006111804,0.14340710999969702,128.57800000000003,0.970062711597454,0.9987793379833488
0.0030000000006111804,0.21095691790705187,0.030000000000001137,0.871523640524576,0.9998847561695708
0.0030000000006111804,0.21095691790705187,0.07300000000000324,0.8969955496011808,0.9996800244579872
0.0030000000006111804,0.21095691790705187,0.10699999999999932,0.9145463922556346,0.9995112484998827
0.0030000000006111804,0.21095691790705187,0.14100000000000534,0.9281924132458207,0.9994042856420465
0.0030000000006111804,0.21095691790705187,0.17899999999999494,0.9398948086674559,0.9992887688941785
0.0030000000006111804,0.21095691790705187,0.2260000000000062,0.9501095399768587,0.9991866838459325
0.0030000000006111804,0.21095691790705187,0.29300000000000637,0.9591735317173,0.9991166873952636
0.0030000000006111804,0.21095691790705187,0.40099999999999625,0.9669103792850035,0.999020535714598
0.0030000000006111804,0.21095691790705187,0.761999999999994,0.9731735239822802,0.9989272281085445
0.0030000000006111804,0.21095691790705187,128.57800000000003,0.9774085863926795,0.9985663820619843
0.0030000000006111804,1.1766690149763122,0.030000000000001137,0.8727347488799465,0.9997991334802544
0.0030000000006111804,1.1766690149763122,0.07300000000000324,0.8999882067717289,0.9994620982000402
0.0030000000006111804,1.1766690149763122,0.10699999999999932,0.9183017640491254,0.9991930677991161
0.0030000000006111804,1.1766690149763122,0.14100000000000534,0.9325097213667575,0.9990131895028476
0.0030000000006111804,1.1766690149763122,0.17899999999999494,0.9445249083191418,0.9988192334649709
0.0030000000006111804,1.1766690149763122,0.2260000000000062,0.9550060006884435,0.9986474679379463
0.0030000000006111804,1.1766690149763122,0.29300000000000637,0.964180386367908,0.9984700485422127
0.0030000000006111804,1.1766690149763122,0.40099999999999625,0.9719596962502604,0.9982815544135233
0.0030000000006111804,1.1766690149763122,0.761999999999994,0.9783542828351944,0.9979500600135067
0.0030000000006111804,1.1766690149763122,128.57800000000003,0.983167908254685,0.9963617535885229
0.004599999999982174,0.01452676555504553,0.030000000000001137,0.8601110535342266,0.9999932855365135
0.004599999999982174,0.01452676555504553,0.07300000000000324,0.862104399717753,0.9999833253809429
0.004599999999982174,0.01452676555504553,0.10699999999999932,0.8639754318849743,0.99996979915862
0.004599999999982174,0.01452676555504553,0.14100000000000534,0.8657139631913906,0.9999625201747584
0.004599999999982174,0.01452676555504553,0.17899999999999494,0.8673338668139088,0.9999496924807504
0.004599999999982174,0.01452676555504553,0.2260000000000062,0.8689616546746638,0.9999382890597552
0.004599999999982174,0.01452676555504553,0.29300000000000637,0.8707237059360614,0.9999224598193701
0.004599999999982174,0.01452676555504553,0.40099999999999625,0.8724376965714665,0.999909632125362
0.004599999999982174,0.01452676555504553,0.761999999999994,0.8739693782357613,0.9998931282268337
0.004599999999982174,0.01452676555504553,128.57800000000003,0.8746336668749686,0.9998236048112549
0.004599999999982174,0.0348698673208375,0.030000000000001137,0.8622828327823014,0.9999798566095408
0.004599999999982174,0.0348698673208375,0.07300000000000324,0.8701229735248195,0.9999375289399425
0.004599999999982174,0.0348698673208375,0.10699999999999932,0.8766364768069587,0.999880275653917
0.004599999999982174,0.0348698673208375,0.14100000000000534,0.8822767635884756,0.9998515989818724
0.004599999999982174,0.0348698673208375,0.17899999999999494,0.8874468195917481,0.9998105453887183
0.004599999999982174,0.0348698673208375,0.2260000000000062,0.8923952957619827,0.9997610280701335
0.004599999999982174,0.0348698673208375,0.29300000000000637,0.8972273133482829,0.9997061849137272
0.004599999999982174,0.0348698673208375,0.40099999999999625,0.9016580607994252,0.9996641123569042
0.004599999999982174,0.0348698673208375,0.761999999999994,0.9059642677267139,0.9996201460252544
0.004599999999982174,0.0348698673208375,128.57800000000003,0.9079020459295455,0.9994781717041538
0.004599999999982174,0.047944545798178244,0.030000000000001137,0.8639148283007047,0.9999658120756376
0.004599999999982174,0.047944545798178244,0.07300000000000324,0.8757030337457647,0.9998964763555256
0.004599999999982174,0.047944545798178244,0.10699999999999932,0.8847767313453385,0.9998167592608023
0.004599999999982174,0.047944545798178244,0.14100000000000534,0.8925815932679877,0.9997704218495969
0.004599999999982174,0.047944545798178244,0.17899999999999494,0.899612952478673,0.999710109538599
0.004599999999982174,0.047944545798178244,0.2260000000000062,0.9061629956439766,0.9996435058174359
0.004599999999982174,0.047944545798178244,0.29300000000000637,0.9124818275875417,0.9995794246404491
0.004599999999982174,0.047944545798178244,0.40099999999999625,0.9180192729739283,0.9995281588009779
0.004599999999982174,0.047944545798178244,0.761999999999994,0.923362138583798,0.9994628252830537
0.004599999999982174,0.047944545798178244,128.57800000000003,0.9258563640128542,0.999294914375711
0.004599999999982174,0.060791995659906214,0.030000000000001137,0.8655220105137121,0.9999503576426877
0.004599999999982174,0.060791995659906214,0.07300000000000324,0.8804835045570842,0.999855187849373
0.004599999999982174,0.060791995659906214,0.10699999999999932,0.8917148372165045,0.9997632101819884
0.004599999999982174,0.060791995659906214,0.14100000000000534,0.9010429470826865,0.9997064955286928
0.004599999999982174,0.060791995659906214,0.17899999999999494,0.9094079133197731,0.9996282619413873
0.004599999999982174,0.060791995659906214,0.2260000000000062,0.9171599956613926,0.999559095933067
0.004599999999982174,0.060791995659906214,0.29300000000000637,0.9243874019530146,0.9994863656726577
0.004599999999982174,0.060791995659906214,0.40099999999999625,0.9307285042614727,0.9994262355102485
0.004599999999982174,0.060791995659906214,0.761999999999994,0.9366928082378,0.9993472570840785
0.004599999999982174,0.060791995659906214,128.57800000000003,0.9396308932863802,0.9991569583405007
0.004599999999982174,0.07452299652251426,0.030000000000001137,0.867042012049094,0.9999351524967017
0.004599999999982174,0.07452299652251426,0.07300000000000324,0.884889870258529,0.9998197633474646
0.004599999999982174,0.07452299652251426,0.10699999999999932,0.8978145135873867,0.9996995109711673
0.004599999999982174,0.07452299652251426,0.14100000000000534,0.9086047468517796,0.9996260031342644
0.004599999999982174,0.07452299652251426,0.17899999999999494,0.9180668295588315,0.9995412874561855
0.004599999999982174,0.07452299652251426,0.2260000000000062,0.9267643249057691,0.9994667412379636
0.004599999999982174,0.07452299652251426,0.29300000000000637,0.9348054005430527,0.9993865543779301
0.004599999999982174,0.07452299652251426,0.40099999999999625,0.9418653387396928,0.9993292240939039
0.004599999999982174,0.07452299652251426,0.761999999999994,0.9480577403035151,0.9992379802173122
0.004599999999982174,0.07452299652251426,128.57800000000003,0.9513346037058515,0.9990143113352637
0.004599999999982174,0.09074369104196478,0.030000000000001137,0.8685193573918673,0.9999218601786405
0.004599999999982174,0.09074369104196478,0.07300000000000324,0.8890573224491432,0.9997837337435679
0.004599999999982174,0.09074369104196478,0.10699999999999932,0.903762741061284,0.9996537624733212
0.004599999999982174,0.09074369104196478,0.14100000000000534,0.9156469117443756,0.9995747677770841
0.004599999999982174,0.09074369104196478,0.17899999999999494,0.9260503228535232,0.9994716502889486
0.004599999999982174,0.09074369104196478,0.2260000000000062,0.9353336234625611,0.9993941947195113
0.004599999999982174,0.09074369104196478,0.29300000000000637,0.9437633001239427,0.9993156203296282
0.004599999999982174,0.09074369104196478,0.40099999999999625,0.9511476599328685,0.9992417380260423
0.004599999999982174,0.09074369104196478,0.761999999999994,0.957455452585139,0.9991440268133314
0.004599999999982174,0.09074369104196478,128.57800000000003,0.9610682542897718,0.9989112840458124
0.004599999999982174,0.11151288697088971,0.030000000000001137,0.8700073214131576,0.9999021293169427
0.004599999999982174,0.11151288697088971,0.07300000000000324,0.8932207331668586,0.9997339504223958
0.004599999999982174,0.11151288697088971,0.10699999999999932,0.9094678035004566,0.9995906831636924
0.004599999999982174,0.11151288697088971,0.14100000000000534,0.9223853494909734,0.9994934381714514
0.004599999999982174,0.11151288697088971,0.17899999999999494,0.9334214538608333,0.9993836888976446
0.004599999999982174,0.11151288697088971,0.2260000000000062,0.9432670683666455,0.999290208427698
0.004599999999982174,0.11151288697088971,0.29300000000000637,0.9520596788925393,0.999216243121291
0.004599999999982174,0.11151288697088971,0.40099999999999625,0.9595411910023619,0.999143392861966
0.004599999999982174,0.11151288697088971,0.761999999999994,0.9656163985284705,0.9990425168215357
0.004599999999982174,0.11151288697088971,128.57800000000003,0.9695653404350395,0.9987573200203943
0.004599999999982174,0.14340710999969702,0.030000000000001137,0.8716458613272157,0.9998833829831131
0.004599999999982174,0.14340710999969702,0.07300000000000324,0.8976186778150603,0.999693383305993
0.004599999999982174,0.14340710999969702,0.10699999999999932,0.9152419213318591,0.9995213941145004
0.004599999999982174,0.14340710999969702,0.14100000000000534,0.9290738422600879,0.9994122043254388
0.004599999999982174,0.14340710999969702,0.17899999999999494,0.9406919799573781,0.9993026617395098
0.004599999999982174,0.14340710999969702,0.2260000000000062,0.9508419692552105,0.999202318743783
0.004599999999982174,0.14340710999969702,0.29300000000000637,0.9598395470062476,0.9991201088573706
0.004599999999982174,0.14340710999969702,0.40099999999999625,0.9672034966656653,0.9990375674662674
0.004599999999982174,0.14340710999969702,0.761999999999994,0.9729865002095195,0.9989348946617232
0.004599999999982174,0.14340710999969702,128.57800000000003,0.9771715709575499,0.9985763169483073
0.004599999999982174,0.21095691790705187,0.030000000000001137,0.8733855075125384,0.9998659030441855
0.004599999999982174,0.21095691790705187,0.07300000000000324,0.9020686187787206,0.9996337648637957
0.004599999999982174,0.21095691790705187,0.10699999999999932,0.9210332201245961,0.9994518014669493
0.004599999999982174,0.21095691790705187,0.14100000000000534,0.9356182679721669,0.9993210632661425
0.004599999999982174,0.21095691790705187,0.17899999999999494,0.9476129235799555,0.9991952958905228
0.004599999999982174,0.21095691790705187,0.2260000000000062,0.9578467054663051,0.9990893115019343
0.004599999999982174,0.21095691790705187,0.29300000000000637,0.96668352677424,0.9989908697431971
0.004599999999982174,0.21095691790705187,0.40099999999999625,0.9738304044227264,0.9988891324315899
0.004599999999982174,0.21095691790705187,0.761999999999994,0.9794992262631422,0.9987763904683348
0.004599999999982174,0.21095691790705187,128.57800000000003,0.9838677578328717,0.9983419541502586
0.004599999999982174,1.1766690149763122,0.030000000000001137,0.8747998057348668,0.9997572309382654
0.004599999999982174,1.1766690149763122,0.07300000000000324,0.9053586908572814,0.9993595003939382
0.004599999999982174,1.1766690149763122,0.10699999999999932,0.9250989011602441,0.9990552130990001
0.004599999999982174,1.1766690149763122,0.14100000000000534,0.9401313027305664,0.9988326651617779
0.004599999999982174,1.1766690149763122,0.17899999999999494,0.9522515841851195,0.9986083631450727
0.004599999999982174,1.1766690149763122,0.2260000000000062,0.9625846714404231,0.9984121211325498
0.004599999999982174,1.1766690149763122,0.29300000000000637,0.9713906396098237,0.9982030142517804
0.004599999999982174,1.1766690149763122,0.40099999999999625,0.9784831279073349,0.9979875428449689
0.004599999999982174,1.1766690149763122,0.761999999999994,0.9841136338061931,0.9976305611052783
0.004599999999982174,1.1766690149763122,128.57800000000003,0.9889532703658785,0.99574074980884
18.017599999999902,0.01452676555504553,0.030000000000001137,0.8601710734098605,0.9999490034486415
18.017599999999902,0.01452676555504553,0.07300000000000324,0.8623495452044729,0.9997908378743804
18.017599999999902,0.01452676555504553,0.10699999999999932,0.8643911354939832,0.9996404262470527
18.017599999999902,0.01452676555504553,0.14100000000000534,0.8663552064413274,0.9994722881976156
18.017599999999902,0.01452676555504553,0.17899999999999494,0.8681272430777106,0.9992938739674929
18.017599999999902,0.01452676555504553,0.2260000000000062,0.8699776846953025,0.9990788227852637
18.017599999999902,0.01452676555504553,0.29300000000000637,0.8719773738602334,0.9987575079444595
18.017599999999902,0.01452676555504553,0.40099999999999625,0.8739497360687285,0.9982926999298468
18.017599999999902,0.01452676555504553,0.761999999999994,0.8760255347335559,0.996873667181832
18.017599999999902,0.01452676555504553,128.57800000000003,0.8824895113398598,0.9672865802837697
18.017599999999902,0.0348698673208375,0.030000000000001137,0.8625800424372783,0.999807836214317
18.017599999999902,0.0348698673208375,0.07300000000000324,0.8711207898536858,0.9992669713419353
18.017599999999902,0.0348698673208375,0.10699999999999932,0.8782018296072651,0.9988070000253688
18.017599999999902,0.0348698673208375,0.14100000000000534,0.8844037509509802,0.9983500741786457
18.017599999999902,0.0348698673208375,0.17899999999999494,0.8900615084158083,0.9977994349581003
18.017599999999902,0.0348698673208375,0.2260000000000062,0.8954770297405646,0.9972259564980818
18.017599999999902,0.0348698673208375,0.29300000000000637,0.9007798063101604,0.9964121245280403
18.017599999999902,0.0348698673208375,0.40099999999999625,0.9057404811151386,0.9952225695400061
18.017599999999902,0.0348698673208375,0.761999999999994,0.9111437996728021,0.991779769626499
18.017599999999902,0.0348698673208375,128.57800000000003,0.9287061373921708,0.9228706401603979
18.017599999999902,0.047944545798178244,0.030000000000001137,0.8643790982595574,0.9996932127351549
18.017599999999902,0.047944545798178244,0.07300000000000324,0.8772083627319628,0.9989145935949107
18.017599999999902,0.047944545798178244,0.10699999999999932,0.8870399404631293,0.9982737290295179
18.017599999999902,0.047944545798178244,0.14100000000000534,0.8955808010370069,0.997585961611357
18.017599999999902,0.047944545798178244,0.17899999999999494,0.9031682980434779,0.9968401651201737
18.017599999999902,0.047944545798178244,0.2260000000000062,0.9101988854892951,0.9960199966815073
18.017599999999902,0.047944545798178244,0.29300000000000637,0.916912977775259,0.9949434749244142
18.017599999999902,0.047944545798178244,0.40099999999999625,0.92305579482803,0.9934284375103134
18.017599999999902,0.047944545798178244,0.761999999999994,0.9295308194043559,0.9887764967382972
18.017599999999902,0.047944545798178244,128.57800000000003,0.94935887114548,0.8943073719277741
18.017599999999902,0.060791995659906214,0.030000000000001137,0.8661601320282679,0.9995667317886242
18.017599999999902,0.060791995659906214,0.07300000000000324,0.8824562978021544,0.998545846189949
18.017599999999902,0.060791995659906214,0.10699999999999932,0.8945197393779332,0.9977233928102438
18.017599999999902,0.060791995659906214,0.14100000000000534,0.904630580022967,0.9968913445911021
18.017599999999902,0.060791995659906214,0.17899999999999494,0.9136116046391729,0.9959334940715098
18.017599999999902,0.060791995659906214,0.2260000000000062,0.9218212440570626,0.994944233870012
18.017599999999902,0.060791995659906214,0.29300000000000637,0.9294367631398469,0.9936045609120576
18.017599999999902,0.060791995659906214,0.40099999999999625,0.9362596227561369,0.9917951802373268
18.017599999999902,0.060791995659906214,0.761999999999994,0.9432965747079781,0.9860521767037818
18.017599999999902,0.060791995659906214,128.57800000000003,0.9629471299815117,0.8622432933418523
18.017599999999902,0.07452299652251426,0.030000000000001137,0.8678534366918517,0.9994243505339331
18.017599999999902,0.07452299652251426,0.07300000000000324,0.8872723574559587,0.9981290127821818
18.017599999999902,0.07452299652251426,0.10699999999999932,0.9011774493120819,0.997086506350546
18.017599999999902,0.07452299652251426,0.14100000000000534,0.9127595195807743,0.9960745965239118
18.017599999999902,0.07452299652251426,0.17899999999999494,0.9228840542536715,0.9949744704456295
18.017599999999902,0.07452299652251426,0.2260000000000062,0.9320147185769726,0.9937489205618523
18.017599999999902,0.07452299652251426,0.29300000000000637,0.940341419597817,0.992250390656236
18.017599999999902,0.07452299652251426,0.40099999999999625,0.9477084185677294,0.9900111748927353
18.017599999999902,0.07452299652251426,0.761999999999994,0.9547176764779083,0.9831802936820171
18.017599999999902,0.07452299652251426,128.57800000000003,0.9725818353789165,0.8289517923161648
18.017599999999902,0.09074369104196478,0.030000000000001137,0.8695046342853545,0.9992473503972777
18.017599999999902,0.09074369104196478,0.07300000000000324,0.8918390808199883,0.9976958716124547
18.017599999999902,0.09074369104196478,0.10699999999999932,0.9075612398324462,0.9964535086042663
18.017599999999902,0.09074369104196478,0.14100000000000534,0.9202305249388398,0.9952583959175939
18.017599999999902,0.09074369104196478,0.17899999999999494,0.9312732527129579,0.9939589933286482
18.017599999999902,0.09074369104196478,0.2260000000000062,0.9408879591376296,0.9925625656849963
18.017599999999902,0.09074369104196478,0.29300000000000637,0.9495957496985026,0.9907744366535876
18.017599999999902,0.09074369104196478,0.40099999999999625,0.9571393998480597,0.9881494359325533
18.017599999999902,0.09074369104196478,0.761999999999994,0.9640579029315934,0.9800633601339421
18.017599999999902,0.09074369104196478,128.57800000000003,0.9797210218334529,0.7920404109276298
18.017599999999902,0.11151288697088971,0.030000000000001137,0.871151248082373,0.9990353013155705
18.017599999999902,0.11151288697088971,0.07300000000000324,0.8963322238708366,0.9971298929491303
18.017599999999902,0.11151288697088971,0.10699999999999932,0.9137288436005889,0.9956637897843943
18.017599999999902,0.11151288697088971,0.14100000000000534,0.9274001590665703,0.994213123454272
18.017599999999902,0.11151288697088971,0.17899999999999494,0.93903126326725,0.992694816525571
18.017599999999902,0.11151288697088971,0.2260000000000062,0.9490511010523782,0.991053403006008
18.017599999999902,0.11151288697088971,0.29300000000000637,0.9579800466125549,0.9890140012428651
18.017599999999902,0.11151288697088971,0.40099999999999625,0.9654826553869938,0.9858868180848355
18.017599999999902,0.11151288697088971,0.761999999999994,0.9719805650071379,0.9763473917425711
18.017599999999902,0.11151288697088971,128.57800000000003,0.985439329726915,0.7382713195182306
18.017599999999902,0.14340710999969702,0.030000000000001137,0.8730220537195504,0.998734897447846
18.017599999999902,0.14340710999969702,0.07300000000000324,0.9011735967982591,0.9963676342083985
18.017599999999902,0.14340710999969702,0.10699999999999932,0.9200150056869988,0.994535321828767
18.017599999999902,0.14340710999969702,0.14100000000000534,0.9345747012953829,0.9927653544890559
18.017599999999902,0.14340710999969702,0.17899999999999494,0.9466987552853963,0.9909825213398105
18.017599999999902,0.14340710999969702,0.2260000000000062,0.9568909407494451,0.9889259004410668
18.017599999999902,0.14340710999969702,0.29300000000000637,0.9658307979501888,0.9863617854761768
18.017599999999902,0.14340710999969702,0.40099999999999625,0.9730136008342469,0.9825224283344574
18.017599999999902,0.14340710999969702,0.761999999999994,0.9789987908736609,0.971099520877908
18.017599999999902,0.14340710999969702,128.57800000000003,0.9902668932416084,0.667575114402474
18.017599999999902,0.21095691790705187,0.030000000000001137,0.8750996923776074,0.9980896741903734
18.017599999999902,0.21095691790705187,0.07300000000000324,0.9063028863012756,0.9947306058454314
18.017599999999902,0.21095691790705187,0.10699999999999932,0.9265488506406144,0.9922231160826164
18.017599999999902,0.21095691790705187,0.14100000000000534,0.9418371521398594,0.9899325913757993
18.017599999999902,0.21095691790705187,0.17899999999999494,0.9541267024168478,0.9874682372183687
18.017599999999902,0.21095691790705187,0.2260000000000062,0.9642809668509714,0.9848203166882018
18.017599999999902,0.21095691790705187,0.29300000000000637,0.972844537982195,0.9814463614750013
18.017599999999902,0.21095691790705187,0.40099999999999625,0.9796718088674615,0.9762522813824679
18.017599999999902,0.21095691790705187,0.761999999999994,0.9851438775731378,0.961027750860528
18.017599999999902,0.21095691790705187,128.57800000000003,0.9938303259416558,0.45646802110771817
18.017599999999902,1.1766690149763122,0.030000000000001137,0.8788794463273278,0.9879227316803325
18.017599999999902,1.1766690149763122,0.07300000000000324,0.9155338382129645,0.9695136385675517
18.017599999999902,1.1766690149763122,0.10699999999999932,0.9373045116594796,0.9559672810384058
18.017599999999902,1.1766690149763122,0.14100000000000534,0.9525973883204581,0.9431101311176623
18.017599999999902,1.1766690149763122,0.17899999999999494,0.9642852488145077,0.9273184651826127
18.017599999999902,1.1766690149763122,0.2260000000000062,0.9734306225118277,0.9090461019105576
18.017599999999902,1.1766690149763122,0.29300000000000637,0.9805931556512443,0.8772698617545089
18.017599999999902,1.1766690149763122,0.40099999999999625,0.9857743357044154,0.8115945119746629
18.017599999999902,1.1766690149763122,0.761999999999994,0.9891548730054821,0.6616972736535919
18.017599999999902,1.1766690149763122,128.57800000000003,0.997830763237946,0.08286014292402534
